Date,sp500,tnote
1-Jan-01,1837.37,1.0307
2-Jan-01,1785.86,1.0456
3-Jan-01,1875.56,1.0279
4-Jan-01,1855.82,1.0368
5-Jan-01,1807.13,1.0455
8-Jan-01,1804.04,1.0443
9-Jan-01,1810.98,1.0407
10-Jan-01,1828.5,1.0334
11-Jan-01,1847.37,1.0325
12-Jan-01,1835.54,1.0217
16-Jan-01,1847.13,1.0241
17-Jan-01,1851.16,1.0286
18-Jan-01,1876.94,1.0335
19-Jan-01,1869.38,1.0293
22-Jan-01,1869.89,1.0255
23-Jan-01,1894.25,1.0215
24-Jan-01,1899.71,1.02
25-Jan-01,1890.27,1.0248
26-Jan-01,1886.8,1.0227
29-Jan-01,1899.75,1.0205
30-Jan-01,1913.13,1.0267
31-Jan-01,1902.55,1.035
1-Feb-01,1913.11,1.0373
2-Feb-01,1879.69,1.032
5-Feb-01,1886.48,1.0314
6-Feb-01,1883.72,1.0309
7-Feb-01,1868.29,1.0285
8-Feb-01,1856.66,1.0308
9-Feb-01,1831.96,1.035
12-Feb-01,1853.65,1.033
13-Feb-01,1837.77,1.0322
14-Feb-01,1834.1,1.026
15-Feb-01,1849.15,1.0253
16-Feb-01,1814.22,1.0302
20-Feb-01,1782.75,1.0305
21-Feb-01,1749.86,1.0281
22-Feb-01,1746.5,1.0273
23-Feb-01,1736.82,1.0312
26-Feb-01,1767.29,1.0364
27-Feb-01,1753.88,1.0425
28-Feb-01,1729.08,1.0477
1-Mar-01,1730.92,1.0482
2-Mar-01,1721.09,1.0428
5-Mar-01,1731.42,1.0408
6-Mar-01,1748.74,1.0423
7-Mar-01,1760.36,1.0481
8-Mar-01,1764.39,1.0469
9-Mar-01,1720.71,1.0446
12-Mar-01,1646.42,1.0486
13-Mar-01,1671.19,1.0458
14-Mar-01,1628.02,1.0539
15-Mar-01,1637.61,1.0569
16-Mar-01,1605.48,1.0584
19-Mar-01,1633.81,1.0557
20-Mar-01,1594.5,1.0605
21-Mar-01,1565.98,1.0591
22-Mar-01,1559.65,1.0623
23-Mar-01,1590.7,1.0585
26-Mar-01,1608.65,1.0543
27-Mar-01,1649.79,1.044
28-Mar-01,1609.67,1.047
29-Mar-01,1602.26,1.0448
30-Mar-01,1619.54,1.0521
2-Apr-01,1599.36,1.0479
3-Apr-01,1544.35,1.0518
4-Apr-01,1540.17,1.0526
5-Apr-01,1607.46,1.0482
6-Apr-01,1575.71,1.0552
9-Apr-01,1588.5,1.0524
10-Apr-01,1631.69,1.0404
11-Apr-01,1628.23,1.037
12-Apr-01,1652.83,1.0324
16-Apr-01,1647.5,1.028
17-Apr-01,1664.44,1.0307
18-Apr-01,1729.26,1.0364
19-Apr-01,1750.98,1.0246
20-Apr-01,1736.02,1.0254
23-Apr-01,1710.01,1.0345
24-Apr-01,1689.23,1.0322
25-Apr-01,1716.17,1.0287
26-Apr-01,1724.38,1.0342
27-Apr-01,1750.32,1.0241
30-Apr-01,1745.39,1.0232
1-May-01,1769.12,1.0271
2-May-01,1770.66,1.0273
3-May-01,1744.54,1.0334
4-May-01,1769.78,1.0335
7-May-01,1765.49,1.0353
8-May-01,1762.41,1.0315
9-May-01,1754.72,1.0377
10-May-01,1754.46,1.0277
11-May-01,1741.33,1.0163
14-May-01,1746.01,1.0182
15-May-01,1746.75,1.0126
16-May-01,1796.72,1.0166
17-May-01,1801.63,1.0206
18-May-01,1806.83,1.0209
21-May-01,1836.02,1.0232
22-May-01,1831.2,1.0214
23-May-01,1802.84,1.0226
24-May-01,1808.64,1.0147
25-May-01,1787.28,1.0148
29-May-01,1773.46,1.0134
30-May-01,1746.11,1.0147
31-May-01,1757.09,1.0246
1-Jun-01,1763.87,1.0258
4-Jun-01,1772.92,1.0279
5-Jun-01,1795.96,1.0335
6-Jun-01,1777.25,1.035
7-Jun-01,1786.99,1.03
8-Jun-01,1770.21,1.0275
11-Jun-01,1755.43,1.0333
12-Jun-01,1757.48,1.0363
13-Jun-01,1737.94,1.0355
14-Jun-01,1707.56,1.0387
15-Jun-01,1699.85,1.0377
18-Jun-01,1691.59,1.0366
19-Jun-01,1697.41,1.0383
20-Jun-01,1712.26,1.0408
21-Jun-01,1731.76,1.0438
22-Jun-01,1715.39,1.0479
25-Jun-01,1705.94,1.0478
26-Jun-01,1703.37,1.0405
27-Jun-01,1695.61,1.039
28-Jun-01,1716.81,1.0323
29-Jun-01,1714.32,1.0268
2-Jul-01,1731.53,1.0341
3-Jul-01,1728.65,1.0294
5-Jul-01,1707.68,1.0285
6-Jul-01,1667.9,1.0315
9-Jul-01,1679.4,1.0346
10-Jul-01,1655.31,1.0394
11-Jul-01,1653.54,1.0373
12-Jul-01,1692.73,1.0421
13-Jul-01,1703.31,1.0434
16-Jul-01,1684.77,1.0482
17-Jul-01,1701.57,1.0454
18-Jul-01,1692.27,1.054
19-Jul-01,1702.52,1.0531
20-Jul-01,1696.67,1.0517
23-Jul-01,1668.9,1.0539
24-Jul-01,1641.76,1.0539
25-Jul-01,1668.16,1.0482
26-Jul-01,1685.62,1.0521
27-Jul-01,1689.79,1.0546
30-Jul-01,1688.03,1.0571
31-Jul-01,1697.45,1.0582
1-Aug-01,1704.24,1.0577
2-Aug-01,1711.17,1.0513
3-Aug-01,1702.43,1.0505
6-Aug-01,1683.03,1.0523
7-Aug-01,1688.6,1.0511
8-Aug-01,1659.58,1.0604
9-Aug-01,1659.76,1.0566
10-Aug-01,1669.21,1.0607
13-Aug-01,1670.96,1.0618
14-Aug-01,1664.61,1.061
15-Aug-01,1652.71,1.059
16-Aug-01,1657.88,1.0637
17-Aug-01,1630.35,1.0725
20-Aug-01,1643.59,1.0679
21-Aug-01,1623.74,1.071
22-Aug-01,1635.16,1.0682
23-Aug-01,1630.67,1.0698
24-Aug-01,1662.74,1.0669
27-Aug-01,1654.72,1.0672
28-Aug-01,1629.91,1.0737
29-Aug-01,1612.05,1.0795
30-Aug-01,1584.77,1.0762
31-Aug-01,1591.18,1.0745
4-Sep-01,1590.29,1.0651
5-Sep-01,1588.93,1.0647
6-Sep-01,1553.41,1.0719
7-Sep-01,1524.47,1.0793
10-Sep-01,1533.98,1.0755
21-Sep-01,1356.61,1.0826
24-Sep-01,1409.5,1.083
25-Sep-01,1421.91,1.0911
26-Sep-01,1415.01,1.0974
27-Sep-01,1431.29,1.1041
28-Sep-01,1462.69,1.1014
1-Oct-01,1459.33,1.1063
2-Oct-01,1477.29,1.1091
3-Oct-01,1507.03,1.1122
4-Oct-01,1503.31,1.1091
5-Oct-01,1506.11,1.1097
9-Oct-01,1485.63,1.1024
10-Oct-01,1519.77,1.1022
11-Oct-01,1542.98,1.0969
12-Oct-01,1534.86,1.0965
15-Oct-01,1532.52,1.1027
16-Oct-01,1543.15,1.1062
17-Oct-01,1514.5,1.1057
18-Oct-01,1502.61,1.1054
19-Oct-01,1509.46,1.1018
22-Oct-01,1532.55,1.1004
23-Oct-01,1525.35,1.1001
24-Oct-01,1525.96,1.1044
25-Oct-01,1546.9,1.1082
26-Oct-01,1553.26,1.1106
29-Oct-01,1516.39,1.1146
30-Oct-01,1490.44,1.121
31-Oct-01,1490.58,1.1364
1-Nov-01,1524.96,1.1362
2-Nov-01,1529.35,1.1252
5-Nov-01,1551.39,1.1315
6-Nov-01,1573.93,1.1354
7-Nov-01,1570.16,1.1419
8-Nov-01,1574.09,1.1329
9-Nov-01,1576.61,1.1311
13-Nov-01,1603.28,1.1256
14-Nov-01,1606.64,1.1124
15-Nov-01,1608.09,1.0919
16-Nov-01,1603.17,1.0864
19-Nov-01,1620.66,1.0909
20-Nov-01,1608.9,1.0852
21-Nov-01,1601.02,1.0779
23-Nov-01,1619.78,1.0748
26-Nov-01,1629.76,1.0742
27-Nov-01,1618.62,1.0821
28-Nov-01,1589.38,1.0819
29-Nov-01,1605.99,1.096
30-Nov-01,1604.92,1.0964
3-Dec-01,1591.48,1.1021
4-Dec-01,1612.46,1.1047
5-Dec-01,1649,1.0852
6-Dec-01,1644.48,1.0759
7-Dec-01,1632.1,1.064
10-Dec-01,1606.23,1.0695
11-Dec-01,1601.76,1.0735
12-Dec-01,1602.45,1.0773
13-Dec-01,1577.58,1.0721
14-Dec-01,1582.81,1.063
17-Dec-01,1598.74,1.0637
18-Dec-01,1610.83,1.069
19-Dec-01,1620.27,1.0753
20-Dec-01,1606.92,1.0768
21-Dec-01,1613.94,1.0723
24-Dec-01,1613.6,1.0682
26-Dec-01,1620.26,1.0641
27-Dec-01,1631.69,1.0748
28-Dec-01,1637.23,1.0713
31-Dec-01,1618.98,1.0774
2-Jan-02,1628.51,1.0684
3-Jan-02,1643.48,1.0725
4-Jan-02,1653.69,1.0711
7-Jan-02,1642.95,1.078
8-Jan-02,1637.48,1.0754
9-Jan-02,1629.7,1.0778
10-Jan-02,1631.72,1.0841
11-Jan-02,1616.35,1.0929
14-Jan-02,1606.2,1.0923
15-Jan-02,1617.18,1.0959
16-Jan-02,1591.04,1.0962
17-Jan-02,1607.02,1.0889
18-Jan-02,1591.08,1.0919
22-Jan-02,1579.41,1.0906
23-Jan-02,1591.94,1.0818
24-Jan-02,1597.55,1.0833
25-Jan-02,1599.14,1.0788
28-Jan-02,1598.86,1.0788
29-Jan-02,1553.23,1.0892
30-Jan-02,1571.69,1.0842
31-Jan-02,1595.35,1.0823
1-Feb-02,1584.06,1.0871
4-Feb-02,1544.89,1.0934
5-Feb-02,1538.7,1.0943
6-Feb-02,1529.68,1.0921
7-Feb-02,1525.26,1.09
8-Feb-02,1547.94,1.0933
11-Feb-02,1570.21,1.0915
12-Feb-02,1563.95,1.0856
13-Feb-02,1580.03,1.0844
14-Feb-02,1577.29,1.0882
15-Feb-02,1559.98,1.0954
19-Feb-02,1530.58,1.0948
20-Feb-02,1551.37,1.0938
21-Feb-02,1527.34,1.096
22-Feb-02,1539.91,1.0982
25-Feb-02,1567.59,1.0973
26-Feb-02,1567.65,1.0908
27-Feb-02,1569.01,1.0991
28-Feb-02,1564.59,1.0953
1-Mar-02,1600.02,1.0875
4-Mar-02,1631.25,1.0858
5-Mar-02,1620.37,1.0861
6-Mar-02,1644.2,1.0822
7-Mar-02,1636.86,1.0685
8-Mar-02,1646.44,1.0612
11-Mar-02,1652.04,1.0615
12-Mar-02,1648.28,1.0628
13-Mar-02,1632.46,1.0659
14-Mar-02,1631,1.0553
15-Mar-02,1649.56,1.0609
18-Mar-02,1648.73,1.0639
19-Mar-02,1655.44,1.0654
20-Mar-02,1629.43,1.0554
21-Mar-02,1631.93,1.0591
22-Mar-02,1625.02,1.0565
25-Mar-02,1601.21,1.056
26-Mar-02,1610.81,1.0615
27-Mar-02,1619.45,1.0617
28-Mar-02,1623.43,1.0562
1-Apr-02,1622.23,1.0554
2-Apr-02,1608.39,1.0624
3-Apr-02,1592.6,1.068
4-Apr-02,1593.96,1.0699
5-Apr-02,1588.88,1.0741
8-Apr-02,1592.88,1.0705
9-Apr-02,1582.36,1.0749
10-Apr-02,1600.36,1.0727
11-Apr-02,1562.52,1.075
12-Apr-02,1572.89,1.0793
15-Apr-02,1560.92,1.0811
16-Apr-02,1597.48,1.077
17-Apr-02,1594.32,1.0739
18-Apr-02,1592.08,1.0767
19-Apr-02,1593.07,1.0769
22-Apr-02,1568.52,1.079
23-Apr-02,1558.79,1.0806
24-Apr-02,1547.74,1.0846
25-Apr-02,1545.4,1.0862
26-Apr-02,1524.08,1.0897
29-Apr-02,1508.75,1.0849
30-Apr-02,1525,1.0872
1-May-02,1538.65,1.0901
2-May-02,1536.16,1.087
3-May-02,1520.44,1.0906
6-May-02,1491.05,1.09
7-May-02,1486.57,1.0912
8-May-02,1542.53,1.078
9-May-02,1520.39,1.0827
10-May-02,1494.87,1.0865
13-May-02,1522.8,1.0787
14-May-02,1555.04,1.0741
15-May-02,1546.73,1.0771
16-May-02,1556.93,1.0833
17-May-02,1569.17,1.0764
20-May-02,1548.31,1.0821
21-May-02,1531.32,1.0855
22-May-02,1540.12,1.0886
23-May-02,1555.82,1.0867
24-May-02,1537.02,1.0872
28-May-02,1523.89,1.0886
29-May-02,1514.33,1.0941
30-May-02,1510.25,1.0976
31-May-02,1513.77,1.0961
3-Jun-02,1476.26,1.0999
4-Jun-02,1476.28,1.0979
5-Jun-02,1489.88,1.0963
6-Jun-02,1460.5,1.1023
7-Jun-02,1458.21,1.0952
10-Jun-02,1462.78,1.0986
11-Jun-02,1438.47,1.1032
12-Jun-02,1448.16,1.1049
13-Jun-02,1433.01,1.1101
14-Jun-02,1429.78,1.1187
17-Jun-02,1470.84,1.115
18-Jun-02,1472.25,1.1163
19-Jun-02,1447.98,1.1252
20-Jun-02,1428.55,1.1206
21-Jun-02,1404.21,1.1221
24-Jun-02,1409.3,1.1174
25-Jun-02,1385.77,1.1184
26-Jun-02,1382.78,1.1249
27-Jun-02,1407.11,1.1189
28-Jun-02,1405.94,1.1197
1-Jul-02,1375.88,1.1227
2-Jul-02,1346.96,1.127
3-Jul-02,1355.4,1.1245
5-Jul-02,1405.2,1.1161
8-Jul-02,1388.44,1.1222
9-Jul-02,1354.23,1.128
10-Jul-02,1308.3,1.1379
11-Jul-02,1318.18,1.136
12-Jul-02,1309.68,1.1419
15-Jul-02,1304.76,1.1376
16-Jul-02,1280.78,1.133
17-Jul-02,1287.98,1.1326
18-Jul-02,1253.21,1.1396
19-Jul-02,1205.16,1.1471
22-Jul-02,1165.48,1.1539
23-Jul-02,1133.99,1.1584
24-Jul-02,1199.01,1.1536
25-Jul-02,1192.28,1.1603
26-Jul-02,1212.41,1.1599
29-Jul-02,1278.1,1.1458
30-Jul-02,1283.62,1.1432
31-Jul-02,1296.34,1.1542
1-Aug-02,1258.22,1.1603
2-Aug-02,1229.19,1.1688
5-Aug-02,1187.07,1.177
6-Aug-02,1222.59,1.1658
7-Aug-02,1247.28,1.1685
8-Aug-02,1288.12,1.1641
9-Aug-02,1292.94,1.1758
12-Aug-02,1286.09,1.1802
13-Aug-02,1258.36,1.191
14-Aug-02,1309.04,1.1865
15-Aug-02,1324.32,1.1822
16-Aug-02,1322.36,1.169
19-Aug-02,1353.63,1.1733
20-Aug-02,1334.7,1.1861
21-Aug-02,1351.82,1.1815
22-Aug-02,1370.85,1.1712
23-Aug-02,1339.79,1.1781
26-Aug-02,1349.88,1.1798
27-Aug-02,1331.2,1.1756
28-Aug-02,1307.28,1.1815
29-Aug-02,1307.28,1.1883
30-Aug-02,1304.86,1.1891
3-Sep-02,1250.68,1.2046
4-Sep-02,1273.03,1.2046
5-Sep-02,1252.77,1.2079
6-Sep-02,1273.88,1.2007
9-Sep-02,1286.79,1.1967
10-Sep-02,1296.23,1.2028
11-Sep-02,1296.25,1.197
12-Sep-02,1264.42,1.2052
13-Sep-02,1268.57,1.2106
16-Sep-02,1270.45,1.2106
17-Sep-02,1245.39,1.2195
18-Sep-02,1239.7,1.2173
19-Sep-02,1202.47,1.2236
20-Sep-02,1205.42,1.2229
23-Sep-02,1188.76,1.2314
24-Sep-02,1168.22,1.2366
25-Sep-02,1197.56,1.2262
26-Sep-02,1219.6,1.2243
27-Sep-02,1180.28,1.2351
30-Sep-02,1163.04,1.2415
1-Oct-02,1209.59,1.23
2-Oct-02,1181.32,1.2347
3-Oct-02,1168.57,1.2336
4-Oct-02,1142.36,1.235
7-Oct-02,1120.52,1.2408
8-Oct-02,1139.9,1.239
9-Oct-02,1108.91,1.2457
10-Oct-02,1147.8,1.2367
11-Oct-02,1192.63,1.2222
15-Oct-02,1258.24,1.2048
16-Oct-02,1228.01,1.2002
17-Oct-02,1255.42,1.1858
18-Oct-02,1262.84,1.1945
21-Oct-02,1284.73,1.1818
22-Oct-02,1271.08,1.1809
23-Oct-02,1279.63,1.1839
24-Oct-02,1260.17,1.1946
25-Oct-02,1281.81,1.1969
28-Oct-02,1271.2,1.1973
29-Oct-02,1259.79,1.2118
30-Oct-02,1272.25,1.2097
31-Oct-02,1265.41,1.2164
1-Nov-02,1287.13,1.2058
4-Nov-02,1297.69,1.2023
5-Nov-02,1307.8,1.2002
6-Nov-02,1320.04,1.2038
7-Nov-02,1290.15,1.2212
8-Nov-02,1278.94,1.2259
12-Nov-02,1262.14,1.2237
13-Nov-02,1261.97,1.2246
14-Nov-02,1293.21,1.2031
15-Nov-02,1301.28,1.2067
18-Nov-02,1287.79,1.2113
19-Nov-02,1282.61,1.212
20-Nov-02,1307.61,1.2038
21-Nov-02,1335.75,1.1952
22-Nov-02,1331.17,1.193
25-Nov-02,1334.52,1.1934
26-Nov-02,1306.79,1.2042
27-Nov-02,1343.47,1.1859
29-Nov-02,1339.89,1.1907
2-Dec-02,1337.35,1.1893
3-Dec-02,1317.65,1.1921
4-Dec-02,1313.54,1.1966
5-Dec-02,1297.8,1.1986
6-Dec-02,1305.99,1.2031
9-Dec-02,1277.05,1.2086
10-Dec-02,1294.91,1.2072
11-Dec-02,1295.91,1.2099
12-Dec-02,1291.16,1.2097
13-Dec-02,1273.83,1.2055
16-Dec-02,1303.85,1.1985
17-Dec-02,1293.26,1.2019
18-Dec-02,1276.36,1.21
19-Dec-02,1266.79,1.2194
20-Dec-02,1283.26,1.2175
23-Dec-02,1285.6,1.217
24-Dec-02,1278.58,1.221
26-Dec-02,1274.56,1.224
27-Dec-02,1254.66,1.233
30-Dec-02,1260.42,1.235
31-Dec-02,1261.18,1.2329
2-Jan-03,1303.17,1.2124
3-Jan-03,1302.55,1.2131
6-Jan-03,1331.82,1.2105
7-Jan-03,1323.17,1.2151
8-Jan-03,1304.95,1.2141
9-Jan-03,1330.31,1.1995
10-Jan-03,1330.29,1.2031
13-Jan-03,1328.5,1.205
14-Jan-03,1336.25,1.2093
15-Jan-03,1317.18,1.2109
16-Jan-03,1312.01,1.209
17-Jan-03,1293.63,1.2157
21-Jan-03,1273.31,1.2204
22-Jan-03,1260.16,1.2258
23-Jan-03,1273.04,1.2241
24-Jan-03,1235.84,1.2248
27-Jan-03,1215.86,1.2218
28-Jan-03,1231.74,1.2215
29-Jan-03,1240.31,1.2167
30-Jan-03,1212.23,1.2224
31-Jan-03,1228.14,1.2227
3-Feb-03,1234.79,1.2195
4-Feb-03,1217.4,1.227
5-Feb-03,1211.04,1.2198
6-Feb-03,1203.58,1.2254
7-Feb-03,1191.46,1.2265
10-Feb-03,1200.51,1.2235
11-Feb-03,1190.83,1.2247
12-Feb-03,1176.15,1.2294
13-Feb-03,1174.43,1.2352
14-Feb-03,1199.61,1.2274
18-Feb-03,1223.11,1.2283
19-Feb-03,1214.66,1.2345
20-Feb-03,1203.18,1.2363
21-Feb-03,1219.1,1.2344
24-Feb-03,1196.71,1.2391
25-Feb-03,1205.32,1.2417
26-Feb-03,1189.98,1.2467
27-Feb-03,1204.11,1.2497
28-Feb-03,1209.71,1.2548
3-Mar-03,1200.6,1.2561
4-Mar-03,1182.17,1.2594
5-Mar-03,1193.87,1.2613
6-Mar-03,1182.82,1.2588
7-Mar-03,1192.62,1.2604
10-Mar-03,1161.85,1.2684
11-Mar-03,1152.15,1.2666
12-Mar-03,1157.61,1.2669
13-Mar-03,1197.56,1.2501
14-Mar-03,1199.55,1.2544
17-Mar-03,1242.09,1.2412
18-Mar-03,1247.4,1.2347
19-Mar-03,1258.37,1.2273
20-Mar-03,1260.77,1.2298
21-Mar-03,1289.74,1.2156
24-Mar-03,1244.31,1.2296
25-Mar-03,1259.44,1.2317
26-Mar-03,1252.59,1.2333
27-Mar-03,1250.71,1.2338
28-Mar-03,1243.51,1.2362
31-Mar-03,1221.46,1.2466
1-Apr-03,1236.3,1.2456
2-Apr-03,1268.82,1.2338
3-Apr-03,1262.43,1.2356
4-Apr-03,1265.9,1.2317
7-Apr-03,1267.49,1.2296
8-Apr-03,1265.57,1.2342
9-Apr-03,1247.99,1.238
10-Apr-03,1256.04,1.2335
11-Apr-03,1251.41,1.2307
14-Apr-03,1275.82,1.2269
15-Apr-03,1283.96,1.2301
16-Apr-03,1268.28,1.2347
17-Apr-03,1287.99,1.2329
21-Apr-03,1285.72,1.2307
22-Apr-03,1313.63,1.233
23-Apr-03,1324.68,1.2319
24-Apr-03,1313.75,1.2373
25-Apr-03,1295.57,1.2409
28-Apr-03,1318.85,1.2395
29-Apr-03,1323.26,1.2373
30-Apr-03,1322.07,1.2465
1-May-03,1321.39,1.2467
2-May-03,1341.28,1.2385
5-May-03,1336.24,1.2426
6-May-03,1347.54,1.2523
7-May-03,1340.87,1.2637
8-May-03,1327.42,1.2634
9-May-03,1346.68,1.2651
12-May-03,1363.61,1.2693
13-May-03,1359.74,1.2735
14-May-03,1355.76,1.2825
15-May-03,1366.59,1.2807
16-May-03,1363.32,1.293
19-May-03,1329.38,1.287
20-May-03,1327.87,1.2997
21-May-03,1333.33,1.2958
22-May-03,1345.53,1.3044
23-May-03,1347.49,1.3022
27-May-03,1373.86,1.2944
28-May-03,1376.58,1.2938
29-May-03,1371.51,1.3028
30-May-03,1391.72,1.2995
2-Jun-03,1396.7,1.2958
3-Jun-03,1403.29,1.3048
4-Jun-03,1424.91,1.3088
5-Jun-03,1430.64,1.3033
6-Jun-03,1427.28,1.3029
9-Jun-03,1410.21,1.3108
10-Jun-03,1423.11,1.3202
11-Jun-03,1441.86,1.3178
12-Jun-03,1443.41,1.3233
13-Jun-03,1429.11,1.3285
16-Jun-03,1461.15,1.3221
17-Jun-03,1462.48,1.3132
18-Jun-03,1460.32,1.3027
19-Jun-03,1438.09,1.3052
20-Jun-03,1439.54,1.3026
23-Jun-03,1419.24,1.3078
24-Jun-03,1421.86,1.3149
25-Jun-03,1410.1,1.2992
26-Jun-03,1425.82,1.2851
27-Jun-03,1411.97,1.2852
30-Jun-03,1409.48,1.2884
1-Jul-03,1421.03,1.2847
2-Jul-03,1437.61,1.2865
3-Jul-03,1425.97,1.2743
7-Jul-03,1453.07,1.2662
8-Jul-03,1458.51,1.2683
9-Jul-03,1450.51,1.2718
10-Jul-03,1430.96,1.2747
11-Jul-03,1444.7,1.2781
14-Jul-03,1453,1.2683
15-Jul-03,1448.02,1.2422
16-Jul-03,1438.86,1.2485
17-Jul-03,1421.11,1.2482
18-Jul-03,1437.89,1.2408
21-Jul-03,1416.88,1.2205
22-Jul-03,1430.35,1.2288
23-Jul-03,1431.1,1.2305
24-Jul-03,1420.96,1.2251
25-Jul-03,1445.7,1.2238
28-Jul-03,1442.58,1.214
29-Jul-03,1432.31,1.1991
30-Jul-03,1429.91,1.2117
31-Jul-03,1434.33,1.2023
1-Aug-03,1419.64,1.2048
4-Aug-03,1423.51,1.2147
5-Aug-03,1398.42,1.2045
6-Aug-03,1401.01,1.2166
7-Aug-03,1411.27,1.222
8-Aug-03,1416.3,1.2242
11-Aug-03,1421.01,1.2158
12-Aug-03,1435.17,1.2086
13-Aug-03,1426.55,1.1958
14-Aug-03,1435.96,1.1937
15-Aug-03,1436.43,1.1992
18-Aug-03,1449.65,1.2075
19-Aug-03,1453.45,1.218
20-Aug-03,1450.61,1.2106
21-Aug-03,1454.98,1.2065
22-Aug-03,1440.17,1.2062
25-Aug-03,1441.11,1.2025
26-Aug-03,1445.51,1.2073
27-Aug-03,1445.84,1.2011
28-Aug-03,1454.7,1.2124
29-Aug-03,1462.3,1.2079
2-Sep-03,1482.61,1.1943
3-Sep-03,1489.25,1.1954
4-Sep-03,1491.77,1.2045
5-Sep-03,1482.24,1.2213
8-Sep-03,1497.22,1.2141
9-Sep-03,1484.93,1.2222
10-Sep-03,1467.29,1.2303
11-Sep-03,1475.72,1.2256
12-Sep-03,1478.94,1.2311
15-Sep-03,1473.43,1.2307
16-Sep-03,1494.5,1.2306
17-Sep-03,1489.7,1.2399
18-Sep-03,1509.47,1.2418
19-Sep-03,1504.74,1.2409
22-Sep-03,1485.16,1.2369
23-Sep-03,1494.19,1.2393
24-Sep-03,1465.66,1.2457
25-Sep-03,1457.09,1.2508
26-Sep-03,1448.03,1.2585
29-Sep-03,1462.2,1.2513
30-Sep-03,1446.77,1.2653
1-Oct-03,1479.23,1.266
2-Oct-03,1482.36,1.2598
3-Oct-03,1496.32,1.2396
6-Oct-03,1502.86,1.2429
7-Oct-03,1510.05,1.2344
8-Oct-03,1502.65,1.2367
9-Oct-03,1509.86,1.2313
10-Oct-03,1509,1.2345
14-Oct-03,1525.6,1.2272
15-Oct-03,1521.95,1.2219
16-Oct-03,1526.8,1.2161
17-Oct-03,1511.18,1.2228
20-Oct-03,1518.97,1.2244
21-Oct-03,1520.93,1.2282
22-Oct-03,1498.28,1.2371
23-Oct-03,1503.26,1.2311
24-Oct-03,1496.2,1.2397
27-Oct-03,1499.43,1.2371
28-Oct-03,1522.21,1.2455
29-Oct-03,1524.41,1.2339
30-Oct-03,1523.12,1.2294
31-Oct-03,1528.62,1.2344
3-Nov-03,1540.71,1.23
4-Nov-03,1532.34,1.2347
5-Nov-03,1530.54,1.2291
6-Nov-03,1539.75,1.2241
7-Nov-03,1533.02,1.2212
10-Nov-03,1524.26,1.221
12-Nov-03,1541.49,1.2259
13-Nov-03,1541.3,1.2385
14-Nov-03,1529.84,1.2463
17-Nov-03,1520.07,1.246
18-Nov-03,1506.32,1.254
19-Nov-03,1518.51,1.2447
20-Nov-03,1505.76,1.2533
21-Nov-03,1508.21,1.2529
24-Nov-03,1532.69,1.246
25-Nov-03,1535.49,1.2502
26-Nov-03,1542.4,1.2442
28-Nov-03,1542.07,1.2364
1-Dec-03,1559.5,1.2322
2-Dec-03,1554.42,1.2328
3-Dec-03,1552.09,1.231
4-Dec-03,1559.47,1.2346
5-Dec-03,1547.52,1.248
8-Dec-03,1558.96,1.2444
9-Dec-03,1545.68,1.2368
10-Dec-03,1544.31,1.241
11-Dec-03,1562.23,1.2492
12-Dec-03,1566.5,1.2484
15-Dec-03,1557.66,1.2473
16-Dec-03,1568.02,1.2516
17-Dec-03,1570.15,1.2545
18-Dec-03,1588.9,1.2606
19-Dec-03,1588.19,1.2599
22-Dec-03,1594.43,1.2567
23-Dec-03,1598.93,1.2478
24-Dec-03,1596.05,1.2553
26-Dec-03,1598.75,1.2592
29-Dec-03,1619.16,1.251
30-Dec-03,1619.59,1.249
31-Dec-03,1622.94,1.2499
2-Jan-04,1618.05,1.2384
5-Jan-04,1638.1,1.238
6-Jan-04,1640.31,1.2487
7-Jan-04,1644.6,1.2515
8-Jan-04,1652.83,1.2505
9-Jan-04,1638.14,1.2682
12-Jan-04,1646.03,1.2678
13-Jan-04,1637.33,1.2759
14-Jan-04,1650.96,1.2776
15-Jan-04,1653.21,1.2801
16-Jan-04,1664.57,1.2762
20-Jan-04,1663.03,1.2723
21-Jan-04,1676.07,1.2759
22-Jan-04,1670.73,1.2831
23-Jan-04,1667.26,1.2708
26-Jan-04,1687.44,1.2656
27-Jan-04,1670.91,1.2714
28-Jan-04,1648.44,1.2598
29-Jan-04,1657.09,1.2615
30-Jan-04,1652.73,1.2662
2-Feb-04,1658.79,1.2652
3-Feb-04,1659.92,1.2702
4-Feb-04,1646.29,1.2686
5-Feb-04,1649.35,1.2637
6-Feb-04,1670.14,1.272
9-Feb-04,1666.16,1.2754
10-Feb-04,1674.55,1.2695
11-Feb-04,1693.03,1.278
12-Feb-04,1684.92,1.2764
13-Feb-04,1675.86,1.2789
17-Feb-04,1692.22,1.2802
18-Feb-04,1684.9,1.2788
19-Feb-04,1678.01,1.2805
20-Feb-04,1673.71,1.2746
23-Feb-04,1669.2,1.2807
24-Feb-04,1666.42,1.2822
25-Feb-04,1673.34,1.2841
26-Feb-04,1675.63,1.2817
27-Feb-04,1675.7,1.2883
1-Mar-04,1691.9,1.2881
2-Mar-04,1681.88,1.2825
3-Mar-04,1685.17,1.2814
4-Mar-04,1690.83,1.2851
5-Mar-04,1693.76,1.3016
8-Mar-04,1679.74,1.3102
9-Mar-04,1670.07,1.3165
10-Mar-04,1645.79,1.3151
11-Mar-04,1621.21,1.318
12-Mar-04,1641.42,1.3105
15-Mar-04,1617.91,1.3118
16-Mar-04,1627.03,1.3204
17-Mar-04,1646.29,1.3183
18-Mar-04,1644.21,1.3134
19-Mar-04,1625.84,1.3118
22-Mar-04,1604.8,1.3178
23-Mar-04,1602.67,1.3203
24-Mar-04,1598.85,1.3187
25-Mar-04,1625.01,1.3159
26-Mar-04,1623.36,1.3067
29-Mar-04,1644.75,1.3006
30-Mar-04,1651.43,1.2999
31-Mar-04,1650.42,1.3065
1-Apr-04,1659.16,1.302
2-Apr-04,1673.41,1.2747
5-Apr-04,1686.24,1.2687
6-Apr-04,1683.23,1.2747
7-Apr-04,1672.14,1.2744
8-Apr-04,1670.36,1.2697
12-Apr-04,1679.02,1.2673
13-Apr-04,1655.99,1.2556
14-Apr-04,1654.17,1.2543
15-Apr-04,1655.15,1.2507
16-Apr-04,1663.62,1.257
19-Apr-04,1665.4,1.2528
20-Apr-04,1639.49,1.2462
21-Apr-04,1648.31,1.2495
22-Apr-04,1671.63,1.2537
23-Apr-04,1672.62,1.2464
26-Apr-04,1665.2,1.249
27-Apr-04,1668.98,1.2542
28-Apr-04,1646.2,1.2431
29-Apr-04,1634.16,1.2394
30-Apr-04,1624.51,1.2423
3-May-04,1639.46,1.2438
4-May-04,1642.5,1.2371
5-May-04,1645.65,1.2358
6-May-04,1634.75,1.2344
7-May-04,1612.31,1.2181
10-May-04,1595.38,1.2165
11-May-04,1607.94,1.2208
12-May-04,1611.15,1.215
13-May-04,1610.05,1.2105
14-May-04,1609.12,1.2172
17-May-04,1592.23,1.2273
18-May-04,1603.14,1.2232
19-May-04,1599.29,1.2208
20-May-04,1600.06,1.2291
21-May-04,1606.49,1.2241
24-May-04,1609.22,1.2271
25-May-04,1635.14,1.2284
26-May-04,1638.16,1.233
27-May-04,1647.65,1.2393
28-May-04,1646.8,1.2341
1-Jun-04,1647.57,1.2306
2-Jun-04,1653.67,1.2269
3-Jun-04,1641.43,1.2299
4-Jun-04,1650.08,1.2232
7-Jun-04,1676.48,1.225
8-Jun-04,1679.21,1.2248
9-Jun-04,1663.38,1.2209
10-Jun-04,1671.02,1.2221
14-Jun-04,1655,1.2162
15-Jun-04,1664.92,1.2342
16-Jun-04,1667.23,1.2295
17-Jun-04,1665.02,1.2339
18-Jun-04,1669.39,1.2314
21-Jun-04,1662.46,1.234
22-Jun-04,1668.55,1.2314
23-Jun-04,1682.75,1.2333
24-Jun-04,1678.07,1.2383
25-Jun-04,1668.93,1.2388
28-Jun-04,1667.61,1.2302
29-Jun-04,1671.84,1.2352
30-Jun-04,1678.83,1.2454
1-Jul-04,1661.53,1.2473
2-Jul-04,1656.33,1.2574
6-Jul-04,1642.84,1.2567
7-Jul-04,1646.36,1.2569
8-Jul-04,1632.89,1.257
9-Jul-04,1638.42,1.2585
12-Jul-04,1640.73,1.2605
13-Jul-04,1641.96,1.2586
14-Jul-04,1636.62,1.2574
15-Jul-04,1629.58,1.2574
16-Jul-04,1621.81,1.2701
19-Jul-04,1621.09,1.2708
20-Jul-04,1632.52,1.2618
21-Jul-04,1610.88,1.2595
22-Jul-04,1615.27,1.2617
23-Jul-04,1599.62,1.2636
26-Jul-04,1596.48,1.2585
27-Jul-04,1612.33,1.2468
28-Jul-04,1613.5,1.2495
29-Jul-04,1621.35,1.251
30-Jul-04,1623.26,1.2605
2-Aug-04,1630.48,1.2635
3-Aug-04,1620.28,1.2655
4-Aug-04,1619,1.2663
5-Aug-04,1592.64,1.2685
6-Aug-04,1568.07,1.2866
9-Aug-04,1569.96,1.2829
10-Aug-04,1590.35,1.2798
11-Aug-04,1586.43,1.2823
12-Aug-04,1567.95,1.2841
13-Aug-04,1570.44,1.2879
16-Aug-04,1591.94,1.2848
17-Aug-04,1595.57,1.2912
18-Aug-04,1615.72,1.2866
19-Aug-04,1609.97,1.2889
20-Aug-04,1620.47,1.2877
23-Aug-04,1616.68,1.2832
24-Aug-04,1617.46,1.2843
25-Aug-04,1630.49,1.2854
26-Aug-04,1630.68,1.2902
27-Aug-04,1634.83,1.2892
30-Aug-04,1622.28,1.2944
31-Aug-04,1629.83,1.3011
1-Sep-04,1632.82,1.3007
2-Sep-04,1651.14,1.2916
3-Sep-04,1644.25,1.284
7-Sep-04,1655.65,1.29
8-Sep-04,1648.52,1.2976
9-Sep-04,1651.65,1.2943
10-Sep-04,1659.84,1.2956
13-Sep-04,1663.1,1.3005
14-Sep-04,1666.82,1.3018
15-Sep-04,1655.1,1.2987
16-Sep-04,1659.78,1.3082
17-Sep-04,1667.25,1.3036
20-Sep-04,1657.88,1.3098
21-Sep-04,1668.39,1.3118
22-Sep-04,1645.17,1.3177
23-Sep-04,1637.82,1.3144
24-Sep-04,1640.4,1.3135
27-Sep-04,1630.67,1.3177
28-Sep-04,1640.62,1.3168
29-Sep-04,1647.79,1.3076
30-Sep-04,1647.48,1.3047
1-Oct-04,1672.49,1.298
4-Oct-04,1678.1,1.3005
5-Oct-04,1677.09,1.2998
6-Oct-04,1688.83,1.2949
7-Oct-04,1672.08,1.2931
8-Oct-04,1659.51,1.3045
12-Oct-04,1659.07,1.3087
13-Oct-04,1647.13,1.3133
14-Oct-04,1631.81,1.3176
15-Oct-04,1639.08,1.3133
18-Oct-04,1647.7,1.3152
19-Oct-04,1631.74,1.3168
20-Oct-04,1632.49,1.3219
21-Oct-04,1636.76,1.3207
22-Oct-04,1620.85,1.3232
25-Oct-04,1619.48,1.3235
26-Oct-04,1643.57,1.3208
27-Oct-04,1665.01,1.3117
28-Oct-04,1668.55,1.3157
29-Oct-04,1672.65,1.3192
1-Nov-04,1673.11,1.3139
2-Nov-04,1673.16,1.3162
3-Nov-04,1692.22,1.3146
4-Nov-04,1719.64,1.3147
5-Nov-04,1726.34,1.3044
8-Nov-04,1724.59,1.3004
9-Nov-04,1724.08,1.2998
10-Nov-04,1722.67,1.2983
12-Nov-04,1754.33,1.3047
15-Nov-04,1753.99,1.3045
16-Nov-04,1741.72,1.3024
17-Nov-04,1751.57,1.3106
18-Nov-04,1753.97,1.3134
19-Nov-04,1734.45,1.3037
22-Nov-04,1744.71,1.3063
23-Nov-04,1744.31,1.3053
24-Nov-04,1751.55,1.3042
26-Nov-04,1753.09,1.3005
29-Nov-04,1747.34,1.2925
30-Nov-04,1740.33,1.2905
1-Dec-04,1766.9,1.2902
2-Dec-04,1765.37,1.2861
3-Dec-04,1766.63,1.2993
6-Dec-04,1765.33,1.3032
7-Dec-04,1745.84,1.3031
8-Dec-04,1754.75,1.3122
9-Dec-04,1764.35,1.3085
10-Dec-04,1762.51,1.3097
13-Dec-04,1778.54,1.3103
14-Dec-04,1785.51,1.3132
15-Dec-04,1789.14,1.3175
16-Dec-04,1785.51,1.3079
17-Dec-04,1772.19,1.3063
20-Dec-04,1772.87,1.3083
21-Dec-04,1788.93,1.3101
22-Dec-04,1795.66,1.3076
23-Dec-04,1796.49,1.3057
27-Dec-04,1788.76,1.2997
28-Dec-04,1801.58,1.3002
29-Dec-04,1801.71,1.2973
30-Dec-04,1801.98,1.304
31-Dec-04,1799.55,1.3078
3-Jan-05,1784.96,1.308
4-Jan-05,1764.3,1.3012
5-Jan-05,1758.07,1.3027
6-Jan-05,1764.63,1.3042
7-Jan-05,1762.12,1.3041
10-Jan-05,1768.17,1.3039
11-Jan-05,1757.51,1.3075
12-Jan-05,1764.72,1.3082
13-Jan-05,1749.48,1.3145
14-Jan-05,1759.98,1.3102
18-Jan-05,1777.04,1.3127
19-Jan-05,1760.28,1.3144
20-Jan-05,1746.61,1.315
21-Jan-05,1735.43,1.3173
24-Jan-05,1729.33,1.3198
25-Jan-05,1736.25,1.313
26-Jan-05,1744.72,1.3137
27-Jan-05,1745.58,1.3121
28-Jan-05,1740.96,1.3186
31-Jan-05,1755.68,1.32
1-Feb-05,1767.79,1.3192
2-Feb-05,1773.63,1.3194
3-Feb-05,1769.26,1.3175
4-Feb-05,1788.82,1.3253
7-Feb-05,1786.92,1.329
8-Feb-05,1788.16,1.3315
9-Feb-05,1773.28,1.3327
10-Feb-05,1780.8,1.3267
11-Feb-05,1793.54,1.3262
14-Feb-05,1794.98,1.328
15-Feb-05,1801.06,1.3257
16-Feb-05,1801.59,1.3206
17-Feb-05,1787.41,1.3187
18-Feb-05,1788.65,1.3111
22-Feb-05,1762.76,1.3092
23-Feb-05,1772.76,1.3118
24-Feb-05,1787.34,1.3095
25-Feb-05,1804.17,1.3111
28-Feb-05,1792.63,1.3019
1-Mar-05,1802.79,1.3025
2-Mar-05,1802.92,1.3016
3-Mar-05,1803.51,1.3014
4-Mar-05,1820.88,1.3076
7-Mar-05,1825.7,1.3089
8-Mar-05,1817.12,1.3016
9-Mar-05,1798.79,1.2902
10-Mar-05,1802.2,1.2945
11-Mar-05,1789.01,1.2884
14-Mar-05,1799.14,1.2919
15-Mar-05,1785.61,1.289
16-Mar-05,1771.35,1.2923
17-Mar-05,1774.55,1.2958
18-Mar-05,1773.72,1.2927
21-Mar-05,1764.98,1.2916
22-Mar-05,1747.03,1.2822
23-Mar-05,1748.28,1.2864
24-Mar-05,1746.62,1.2859
28-Mar-05,1750.89,1.2826
29-Mar-05,1737.94,1.288
30-Mar-05,1762.09,1.2908
31-Mar-05,1760.89,1.2981
1-Apr-05,1749.45,1.3014
4-Apr-05,1754.43,1.3012
5-Apr-05,1762.32,1.3003
6-Apr-05,1766.69,1.3051
7-Apr-05,1777.35,1.2992
8-Apr-05,1762.52,1.3004
11-Apr-05,1762.56,1.305
12-Apr-05,1772.44,1.3133
13-Apr-05,1751.77,1.3124
14-Apr-05,1734.25,1.3172
15-Apr-05,1705.26,1.3259
18-Apr-05,1710.27,1.3226
19-Apr-05,1720.43,1.3299
20-Apr-05,1697.74,1.3321
21-Apr-05,1731.27,1.3207
22-Apr-05,1719.66,1.3259
25-Apr-05,1734.56,1.3262
26-Apr-05,1719.09,1.3246
27-Apr-05,1726.21,1.329
28-Apr-05,1707.13,1.3377
29-Apr-05,1727.49,1.332
2-May-05,1735.43,1.3337
3-May-05,1733.95,1.3366
4-May-05,1755.92,1.3344
5-May-05,1751.47,1.3381
6-May-05,1749.65,1.3265
9-May-05,1760.87,1.3249
10-May-05,1742.06,1.3332
11-May-05,1750.26,1.3344
12-May-05,1732.89,1.3371
13-May-05,1725.15,1.3404
16-May-05,1742.74,1.34
17-May-05,1755.1,1.3416
18-May-05,1773.01,1.3443
19-May-05,1781.28,1.3419
20-May-05,1778.59,1.3408
23-May-05,1785.46,1.3481
24-May-05,1785.8,1.3514
25-May-05,1779.81,1.3453
26-May-05,1791.41,1.3463
27-May-05,1793.34,1.3469
31-May-05,1782.46,1.3571
1-Jun-05,1799.15,1.3664
2-Jun-05,1802.19,1.3656
3-Jun-05,1789.83,1.3579
6-Jun-05,1792.14,1.3612
7-Jun-05,1791.89,1.3659
8-Jun-05,1788.3,1.3635
9-Jun-05,1797.72,1.3624
10-Jun-05,1793.51,1.3528
13-Jun-05,1798.07,1.3497
14-Jun-05,1802.73,1.3482
15-Jun-05,1806.78,1.3488
16-Jun-05,1813.35,1.352
17-Jun-05,1822.35,1.3519
20-Jun-05,1821.06,1.349
21-Jun-05,1817.36,1.3559
22-Jun-05,1817.8,1.3651
23-Jun-05,1798.49,1.3642
24-Jun-05,1784.77,1.3675
27-Jun-05,1783.45,1.3697
28-Jun-05,1800.07,1.3637
29-Jun-05,1797.73,1.3628
30-Jun-05,1784.99,1.3694
1-Jul-05,1789.85,1.3582
5-Jul-05,1805.68,1.3521
6-Jul-05,1791.05,1.3556
7-Jul-05,1795.55,1.3567
8-Jul-05,1816.52,1.3542
11-Jul-05,1827.91,1.3542
12-Jul-05,1832.15,1.3497
13-Jul-05,1833.98,1.3486
14-Jul-05,1838.8,1.3469
15-Jul-05,1840.93,1.3481
18-Jul-05,1830.75,1.3433
19-Jul-05,1843.07,1.3468
20-Jul-05,1852.02,1.3492
21-Jul-05,1839.8,1.3392
22-Jul-05,1849.81,1.3445
25-Jul-05,1842.85,1.3421
26-Jul-05,1846.04,1.3441
27-Jul-05,1854.72,1.3418
28-Jul-05,1865.64,1.3479
29-Jul-05,1851.37,1.3402
1-Aug-05,1853.13,1.3378
2-Aug-05,1866.28,1.3358
3-Aug-05,1868.06,1.34
4-Aug-05,1854.3,1.3383
5-Aug-05,1840.19,1.3315
8-Aug-05,1835.37,1.3289
9-Aug-05,1847.76,1.3321
10-Aug-05,1845.16,1.3319
11-Aug-05,1858.43,1.3388
12-Aug-05,1847.31,1.3439
15-Aug-05,1852.78,1.3406
16-Aug-05,1830.99,1.3483
17-Aug-05,1832.82,1.3426
18-Aug-05,1831.09,1.3489
19-Aug-05,1832.29,1.3486
22-Aug-05,1835.32,1.3492
23-Aug-05,1829.11,1.3518
24-Aug-05,1817.22,1.3532
25-Aug-05,1821.46,1.3544
26-Aug-05,1810.52,1.352
29-Aug-05,1821.56,1.3541
30-Aug-05,1815.97,1.3611
31-Aug-05,1834.48,1.369
1-Sep-05,1836.37,1.3678
2-Sep-05,1831.06,1.3677
6-Sep-05,1854.23,1.3632
7-Sep-05,1859,1.3591
8-Sep-05,1852,1.3583
9-Sep-05,1866.74,1.3611
12-Sep-05,1865.45,1.3568
13-Sep-05,1851.87,1.3608
14-Sep-05,1845.84,1.358
15-Sep-05,1846.76,1.3531
16-Sep-05,1862.11,1.348
19-Sep-05,1851.74,1.3511
20-Sep-05,1837.2,1.3515
21-Sep-05,1820.49,1.3582
22-Sep-05,1827.54,1.358
23-Sep-05,1828.54,1.3512
26-Sep-05,1829.05,1.3472
27-Sep-05,1829.13,1.3486
28-Sep-05,1831.32,1.3511
29-Sep-05,1847.62,1.3476
30-Sep-05,1849.33,1.3445
3-Oct-05,1846.17,1.3399
4-Oct-05,1827.96,1.342
5-Oct-05,1801.4,1.3436
6-Oct-05,1794.04,1.3398
7-Oct-05,1800.71,1.343
11-Oct-05,1784.22,1.3404
12-Oct-05,1773.6,1.3355
13-Oct-05,1772.36,1.3338
14-Oct-05,1787.01,1.3323
17-Oct-05,1792.33,1.3317
18-Oct-05,1774.32,1.3336
19-Oct-05,1801.01,1.3346
20-Oct-05,1774.02,1.3373
21-Oct-05,1776.73,1.342
24-Oct-05,1806.59,1.3368
25-Oct-05,1802.3,1.3293
26-Oct-05,1794.56,1.3248
27-Oct-05,1776.01,1.3281
28-Oct-05,1805.56,1.3267
31-Oct-05,1818.5,1.3285
1-Nov-05,1812.11,1.3278
2-Nov-05,1830.43,1.3243
3-Nov-05,1838.86,1.3193
4-Nov-05,1839.16,1.318
7-Nov-05,1843.27,1.3216
8-Nov-05,1837.8,1.3276
9-Nov-05,1841,1.3202
10-Nov-05,1856.9,1.3287
14-Nov-05,1861.25,1.3236
15-Nov-05,1854.28,1.3279
16-Nov-05,1857.97,1.3366
17-Nov-05,1875.49,1.3378
18-Nov-05,1883.99,1.3353
21-Nov-05,1893.93,1.3383
22-Nov-05,1903.66,1.3418
23-Nov-05,1910.39,1.3376
25-Nov-05,1914.41,1.3418
28-Nov-05,1898.37,1.3449
29-Nov-05,1898.74,1.338
30-Nov-05,1887.28,1.3372
1-Dec-05,1910.23,1.3351
2-Dec-05,1910.86,1.3355
5-Dec-05,1906.42,1.3316
6-Dec-05,1908.89,1.3395
7-Dec-05,1899.69,1.3368
8-Dec-05,1897.57,1.3421
9-Dec-05,1902.92,1.336
12-Dec-05,1904.59,1.3344
13-Dec-05,1915.3,1.3372
14-Dec-05,1923.44,1.3437
15-Dec-05,1920.85,1.3436
16-Dec-05,1915.4,1.3459
19-Dec-05,1904.21,1.3469
20-Dec-05,1903.81,1.3448
21-Dec-05,1908.65,1.3429
22-Dec-05,1917.16,1.3495
23-Dec-05,1918.25,1.3546
27-Dec-05,1899.93,1.3587
28-Dec-05,1902.74,1.3558
29-Dec-05,1897.2,1.3574
30-Dec-05,1887.94,1.3542
3-Jan-06,1918.96,1.3578
4-Jan-06,1926.39,1.3599
5-Jan-06,1926.44,1.359
6-Jan-06,1945.02,1.3573
9-Jan-06,1952.13,1.3584
10-Jan-06,1951.53,1.3523
11-Jan-06,1958.56,1.3496
12-Jan-06,1946.28,1.3549
13-Jan-06,1948.64,1.3614
17-Jan-06,1941.57,1.3637
18-Jan-06,1934.21,1.3637
19-Jan-06,1944.98,1.3594
20-Jan-06,1909.35,1.3621
23-Jan-06,1912.91,1.362
24-Jan-06,1917.54,1.3584
25-Jan-06,1914.28,1.3496
26-Jan-06,1928.17,1.3464
27-Jan-06,1943.34,1.3462
30-Jan-06,1945.66,1.345
31-Jan-06,1937.93,1.3467
1-Feb-06,1941.75,1.3428
2-Feb-06,1924.67,1.3433
3-Feb-06,1914.5,1.3471
6-Feb-06,1916.04,1.3461
7-Feb-06,1900.58,1.3444
8-Feb-06,1917.84,1.3424
9-Feb-06,1915.1,1.3435
10-Feb-06,1920,1.3399
13-Feb-06,1914.02,1.3421
14-Feb-06,1933.46,1.3397
15-Feb-06,1940.69,1.3405
16-Feb-06,1955.06,1.3417
17-Feb-06,1951.83,1.3468
21-Feb-06,1945.45,1.3445
22-Feb-06,1960.26,1.3484
23-Feb-06,1953.37,1.3456
24-Feb-06,1956.14,1.344
27-Feb-06,1963.58,1.3426
28-Feb-06,1943.19,1.3471
1-Mar-06,1959.77,1.3436
2-Mar-06,1956.6,1.3397
3-Mar-06,1953.74,1.3344
6-Mar-06,1940.2,1.329
7-Mar-06,1936.68,1.3311
8-Mar-06,1941.17,1.331
9-Mar-06,1931.73,1.3316
10-Mar-06,1945.93,1.3291
13-Mar-06,1950.39,1.3289
14-Mar-06,1970.66,1.3368
15-Mar-06,1979.21,1.3339
16-Mar-06,1982.76,1.3419
17-Mar-06,1985.69,1.3393
20-Mar-06,1982.4,1.341
21-Mar-06,1970.5,1.3358
22-Mar-06,1982.4,1.3376
23-Mar-06,1977.29,1.334
24-Mar-06,1979.24,1.3409
27-Mar-06,1977.19,1.3383
28-Mar-06,1964.47,1.3311
29-Mar-06,1979.51,1.3292
30-Mar-06,1975.6,1.3246
31-Mar-06,1967.38,1.3254
3-Apr-06,1971.93,1.3244
4-Apr-06,1984.47,1.3246
5-Apr-06,1993.21,1.3268
6-Apr-06,1989.87,1.3211
7-Apr-06,1969.3,1.3134
10-Apr-06,1971.03,1.3165
11-Apr-06,1956.12,1.3196
12-Apr-06,1958.49,1.3138
13-Apr-06,1960.01,1.3085
17-Apr-06,1954.25,1.3121
18-Apr-06,1988.18,1.3151
19-Apr-06,1991.84,1.3112
20-Apr-06,1994.23,1.3095
21-Apr-06,1993.99,1.3128
24-Apr-06,1989.2,1.3165
25-Apr-06,1979.51,1.3073
26-Apr-06,1985.29,1.3039
27-Apr-06,1992.39,1.3075
28-Apr-06,1993.79,1.3089
1-May-06,1985.55,1.3017
2-May-06,1997.75,1.3041
3-May-06,1989.97,1.3014
4-May-06,1996.74,1.3008
5-May-06,2017.34,1.3061
8-May-06,2015.84,1.3063
9-May-06,2016.6,1.3051
10-May-06,2013.99,1.3055
11-May-06,1988.56,1.3029
12-May-06,1966.27,1.2969
15-May-06,1971.45,1.302
16-May-06,1967.79,1.3075
17-May-06,1935.18,1.3032
18-May-06,1922.32,1.3117
19-May-06,1930.27,1.3121
22-May-06,1922.72,1.3147
23-May-06,1914.38,1.3159
24-May-06,1917.48,1.3147
25-May-06,1939.52,1.3116
26-May-06,1950.87,1.3136
30-May-06,1920.09,1.3119
31-May-06,1936.41,1.3077
1-Jun-06,1960.28,1.31
2-Jun-06,1964.11,1.321
5-Jun-06,1929.23,1.319
6-Jun-06,1927.13,1.3206
7-Jun-06,1915.77,1.3193
8-Jun-06,1918.59,1.3219
9-Jun-06,1910.01,1.3246
12-Jun-06,1885.81,1.3248
13-Jun-06,1866.92,1.3264
14-Jun-06,1876.67,1.318
15-Jun-06,1916.56,1.3145
16-Jun-06,1909.52,1.3116
19-Jun-06,1892.12,1.3112
20-Jun-06,1892.13,1.31
21-Jun-06,1910.62,1.3099
22-Jun-06,1900.98,1.305
23-Jun-06,1899.32,1.3035
26-Jun-06,1908.56,1.3034
27-Jun-06,1891.24,1.3066
28-Jun-06,1901.98,1.3026
29-Jun-06,1943.09,1.3071
30-Jun-06,1939.03,1.3136
3-Jul-06,1954.49,1.3129
5-Jul-06,1940.55,1.3061
6-Jul-06,1945.9,1.3104
7-Jul-06,1932.75,1.3153
10-Jul-06,1935.62,1.3166
11-Jul-06,1943.66,1.3193
12-Jul-06,1922.62,1.3194
13-Jul-06,1897.73,1.3231
14-Jul-06,1888.43,1.3235
17-Jul-06,1885.82,1.3242
18-Jul-06,1889.48,1.3175
19-Jul-06,1924.74,1.3256
20-Jul-06,1908.42,1.3283
21-Jul-06,1894.94,1.3272
24-Jul-06,1926.5,1.3273
25-Jul-06,1938.68,1.3257
26-Jul-06,1937.96,1.3291
27-Jul-06,1930.32,1.3287
28-Jul-06,1953.86,1.3334
31-Jul-06,1951,1.3352
1-Aug-06,1942.22,1.3357
2-Aug-06,1954.18,1.3372
3-Aug-06,1957.41,1.3377
4-Aug-06,1956.05,1.3443
7-Aug-06,1950.63,1.3423
8-Aug-06,1944.22,1.3423
9-Aug-06,1936.3,1.3409
10-Aug-06,1945.61,1.3402
11-Aug-06,1938.13,1.3367
14-Aug-06,1940.5,1.3346
15-Aug-06,1967.26,1.3418
16-Aug-06,1982.81,1.3489
17-Aug-06,1986.04,1.3487
18-Aug-06,1993.43,1.3513
21-Aug-06,1986.11,1.3545
22-Aug-06,1988.1,1.3549
23-Aug-06,1979.35,1.3547
24-Aug-06,1984.09,1.3557
25-Aug-06,1982.81,1.3579
28-Aug-06,1993.06,1.357
29-Aug-06,1997.21,1.358
30-Aug-06,1998.08,1.361
31-Aug-06,1997.42,1.364
1-Sep-06,2008.47,1.3644
5-Sep-06,2012,1.36
6-Sep-06,1992.42,1.3586
7-Sep-06,1982.93,1.3596
8-Sep-06,1990.44,1.361
11-Sep-06,1991.49,1.3593
12-Sep-06,2012.32,1.3626
13-Sep-06,2020.49,1.3638
14-Sep-06,2017.86,1.361
15-Sep-06,2023.35,1.3612
18-Sep-06,2025.39,1.3601
19-Sep-06,2021.01,1.3676
20-Sep-06,2031.59,1.368
21-Sep-06,2021.08,1.3772
22-Sep-06,2016.09,1.3822
25-Sep-06,2033.87,1.3873
26-Sep-06,2049.2,1.3836
27-Sep-06,2049.97,1.3825
28-Sep-06,2053.93,1.3818
29-Sep-06,2048.89,1.3801
2-Oct-06,2041.99,1.383
3-Oct-06,2046.28,1.3825
4-Oct-06,2071.45,1.3881
5-Oct-06,2076.63,1.3837
6-Oct-06,2071.05,1.3742
10-Oct-06,2077.01,1.3688
11-Oct-06,2071.9,1.3665
12-Oct-06,2091.69,1.3671
13-Oct-06,2095.97,1.3645
16-Oct-06,2101.27,1.3671
17-Oct-06,2093.58,1.3686
18-Oct-06,2096.71,1.37
19-Oct-06,2098.32,1.3671
20-Oct-06,2100.86,1.367
23-Oct-06,2113.82,1.3631
24-Oct-06,2114.36,1.3644
25-Oct-06,2121.83,1.3704
26-Oct-06,2132.39,1.3755
27-Oct-06,2114.65,1.3803
30-Oct-06,2115.63,1.381
31-Oct-06,2115.65,1.3881
1-Nov-06,2100.37,1.3919
2-Nov-06,2100.21,1.3891
3-Nov-06,2095.68,1.3776
6-Nov-06,2119.53,1.3798
7-Nov-06,2124.28,1.3842
8-Nov-06,2129.22,1.3866
9-Nov-06,2118.32,1.3877
10-Nov-06,2122.26,1.3905
13-Nov-06,2128.17,1.3893
14-Nov-06,2141.95,1.3938
15-Nov-06,2147.6,1.3887
16-Nov-06,2152.57,1.3842
17-Nov-06,2154.8,1.391
20-Nov-06,2153.76,1.3918
21-Nov-06,2157.42,1.3946
22-Nov-06,2162.65,1.3955
24-Nov-06,2154.96,1.3976
27-Nov-06,2125.67,1.4
28-Nov-06,2133.52,1.4029
29-Nov-06,2154.09,1.401
30-Nov-06,2155.89,1.4076
1-Dec-06,2149.85,1.4105
4-Dec-06,2169,1.4121
5-Dec-06,2177.75,1.4104
6-Dec-06,2175.45,1.4064
7-Dec-06,2166.87,1.4068
8-Dec-06,2170.84,1.4001
11-Dec-06,2175.8,1.4039
12-Dec-06,2173.58,1.4073
13-Dec-06,2176.52,1.3978
14-Dec-06,2195.59,1.3966
15-Dec-06,2198.07,1.397
18-Dec-06,2190.97,1.3986
19-Dec-06,2195.8,1.3981
20-Dec-06,2192.76,1.3978
21-Dec-06,2185.21,1.403
22-Dec-06,2173.9,1.3958
26-Dec-06,2183.38,1.3983
27-Dec-06,2199.15,1.3929
28-Dec-06,2196,1.39
29-Dec-06,2186.13,1.3875
3-Jan-07,2183.92,1.3936
4-Jan-07,2186.6,1.3999
5-Jan-07,2173.29,1.3955
8-Jan-07,2178.8,1.3952
9-Jan-07,2177.68,1.3951
10-Jan-07,2182.16,1.392
11-Jan-07,2196.02,1.3872
12-Jan-07,2206.68,1.3833
16-Jan-07,2208.48,1.3864
17-Jan-07,2206.7,1.3831
18-Jan-07,2200.2,1.3872
19-Jan-07,2206.6,1.3839
22-Jan-07,2195,1.3861
23-Jan-07,2202.77,1.3811
24-Jan-07,2221.56,1.3813
25-Jan-07,2196.54,1.3745
26-Jan-07,2193.89,1.3747
29-Jan-07,2191.71,1.3735
30-Jan-07,2204.4,1.3758
31-Jan-07,2219.19,1.3825
1-Feb-07,2231.61,1.3799
2-Feb-07,2235.39,1.3814
5-Feb-07,2233.44,1.3841
6-Feb-07,2235.02,1.3882
7-Feb-07,2239.05,1.3905
8-Feb-07,2236.46,1.3911
9-Feb-07,2220.72,1.3861
12-Feb-07,2213.58,1.3842
13-Feb-07,2230.8,1.3835
14-Feb-07,2248.4,1.3917
15-Feb-07,2250.97,1.395
16-Feb-07,2249.06,1.3967
20-Feb-07,2255.48,1.3989
21-Feb-07,2252.43,1.3973
22-Feb-07,2251.03,1.3934
23-Feb-07,2243.26,1.3996
26-Feb-07,2240.73,1.4054
27-Feb-07,2163.11,1.4179
28-Feb-07,2175.78,1.4123
1-Mar-07,2170.17,1.4144
2-Mar-07,2145.43,1.4197
5-Mar-07,2125.34,1.4201
6-Mar-07,2158.36,1.4172
7-Mar-07,2153.65,1.4214
8-Mar-07,2169.14,1.4194
9-Mar-07,2170.62,1.4117
12-Mar-07,2176.5,1.4158
13-Mar-07,2132.76,1.4224
14-Mar-07,2147.18,1.418
15-Mar-07,2155.18,1.4182
16-Mar-07,2146.93,1.4175
19-Mar-07,2170.33,1.4163
20-Mar-07,2184.1,1.4175
21-Mar-07,2221.46,1.4192
22-Mar-07,2220.68,1.4149
23-Mar-07,2223.12,1.4119
26-Mar-07,2225.26,1.4135
27-Mar-07,2211.52,1.4139
28-Mar-07,2194.38,1.4124
29-Mar-07,2202.68,1.4099
30-Mar-07,2200.12,1.4103
2-Apr-07,2205.85,1.4112
3-Apr-07,2226.76,1.4088
4-Apr-07,2229.26,1.4107
5-Apr-07,2236.71,1.4076
9-Apr-07,2238.03,1.4011
10-Apr-07,2243.93,1.4039
11-Apr-07,2229.44,1.403
12-Apr-07,2243.3,1.4029
13-Apr-07,2251.12,1.4
16-Apr-07,2275.35,1.4037
17-Apr-07,2280.01,1.4095
18-Apr-07,2281.61,1.413
19-Apr-07,2278.91,1.4117
20-Apr-07,2300.08,1.4112
23-Apr-07,2294.83,1.415
24-Apr-07,2294.02,1.4174
25-Apr-07,2317.5,1.4143
26-Apr-07,2315.91,1.4094
27-Apr-07,2315.7,1.41
30-Apr-07,2297.58,1.4178
1-May-07,2303.68,1.4169
2-May-07,2318.84,1.4168
3-May-07,2329.54,1.4141
4-May-07,2334.61,1.4175
7-May-07,2340.68,1.4195
8-May-07,2338.14,1.419
9-May-07,2346.3,1.4151
10-May-07,2313.94,1.4178
11-May-07,2336.48,1.4148
14-May-07,2332.43,1.4133
15-May-07,2329.61,1.4124
16-May-07,2350.4,1.412
17-May-07,2348.44,1.4077
18-May-07,2363.97,1.403
21-May-07,2367.63,1.4054
22-May-07,2366.1,1.4013
23-May-07,2363.29,1.3995
24-May-07,2340.64,1.4003
25-May-07,2353.42,1.3987
29-May-07,2357.39,1.3969
30-May-07,2377.09,1.3985
31-May-07,2377.75,1.3967
1-Jun-07,2386.63,1.3906
4-Jun-07,2391.13,1.3934
5-Jun-07,2378.44,1.3874
6-Jun-07,2357.95,1.3902
7-Jun-07,2316.63,1.3742
8-Jun-07,2342.98,1.3764
11-Jun-07,2345.27,1.3728
12-Jun-07,2320.22,1.3593
13-Jun-07,2356.02,1.3685
14-Jun-07,2367.52,1.3664
15-Jun-07,2382.97,1.3724
18-Jun-07,2380.09,1.3753
19-Jun-07,2384.26,1.3808
20-Jun-07,2351.87,1.376
21-Jun-07,2366.92,1.3712
22-Jun-07,2336.41,1.3765
25-Jun-07,2328.91,1.3821
26-Jun-07,2321.46,1.3822
27-Jun-07,2342.84,1.3825
28-Jun-07,2341.9,1.3804
29-Jun-07,2338.25,1.3891
2-Jul-07,2363.28,1.3935
3-Jul-07,2372.22,1.3876
5-Jul-07,2373.07,1.3778
6-Jul-07,2381.59,1.3735
9-Jul-07,2383.8,1.3783
10-Jul-07,2349.98,1.3915
11-Jul-07,2363.72,1.3847
12-Jul-07,2408.79,1.3806
13-Jul-07,2416.28,1.3841
16-Jul-07,2411.65,1.3907
17-Jul-07,2411.41,1.3896
18-Jul-07,2406.69,1.3922
19-Jul-07,2417.5,1.3937
20-Jul-07,2387.96,1.4013
23-Jul-07,2399.64,1.4014
24-Jul-07,2352.12,1.4061
25-Jul-07,2363.12,1.4076
26-Jul-07,2307.98,1.4208
27-Jul-07,2271.41,1.4233
30-Jul-07,2294.75,1.4191
31-Jul-07,2265.75,1.4252
1-Aug-07,2282.3,1.4204
2-Aug-07,2292.79,1.4226
3-Aug-07,2231.98,1.4311
6-Aug-07,2285.93,1.4258
7-Aug-07,2300.1,1.4231
8-Aug-07,2333.24,1.4129
9-Aug-07,2264.5,1.4218
10-Aug-07,2265.36,1.4188
13-Aug-07,2264.58,1.4232
14-Aug-07,2223.71,1.4267
15-Aug-07,2193.4,1.4276
16-Aug-07,2200.61,1.4339
17-Aug-07,2254.68,1.432
20-Aug-07,2254.07,1.438
21-Aug-07,2256.53,1.4415
22-Aug-07,2283.09,1.436
23-Aug-07,2280.68,1.4363
24-Aug-07,2307.22,1.4393
27-Aug-07,2287.62,1.4454
28-Aug-07,2234.03,1.4525
29-Aug-07,2283.58,1.4475
30-Aug-07,2274.16,1.4532
31-Aug-07,2299.71,1.4504
4-Sep-07,2323.83,1.4504
5-Sep-07,2298.16,1.4596
6-Sep-07,2308.35,1.4555
7-Sep-07,2269.32,1.4688
10-Sep-07,2266.51,1.4751
11-Sep-07,2297.41,1.4703
12-Sep-07,2298.14,1.4662
13-Sep-07,2317.63,1.4605
14-Sep-07,2318.11,1.4618
17-Sep-07,2306.25,1.4623
18-Sep-07,2373.63,1.4618
19-Sep-07,2388.15,1.4553
20-Sep-07,2372.61,1.4394
21-Sep-07,2383.55,1.4474
24-Sep-07,2371.03,1.4475
25-Sep-07,2370.27,1.4479
26-Sep-07,2383.53,1.4489
27-Sep-07,2392.92,1.4551
28-Sep-07,2385.72,1.4528
1-Oct-07,2417.44,1.458
2-Oct-07,2416.83,1.4609
3-Oct-07,2406.31,1.4568
4-Oct-07,2411.41,1.4624
5-Oct-07,2435.16,1.4485
9-Oct-07,2447.03,1.4477
10-Oct-07,2443.02,1.4481
11-Oct-07,2430.55,1.4498
12-Oct-07,2442.12,1.4447
15-Oct-07,2421.67,1.4459
16-Oct-07,2405.76,1.4494
17-Oct-07,2410.22,1.4603
18-Oct-07,2408.46,1.4672
19-Oct-07,2346.78,1.4789
22-Oct-07,2355.74,1.477
23-Oct-07,2376.48,1.4781
24-Oct-07,2370.71,1.4859
25-Oct-07,2368.43,1.4812
26-Oct-07,2401.07,1.4789
29-Oct-07,2410.33,1.4815
30-Oct-07,2394.81,1.4821
31-Oct-07,2423.67,1.4718
1-Nov-07,2360.21,1.486
2-Nov-07,2362.21,1.4898
5-Nov-07,2350.69,1.4881
6-Nov-07,2379.05,1.4843
7-Nov-07,2310.41,1.4909
8-Nov-07,2309.18,1.4942
9-Nov-07,2276.26,1.502
13-Nov-07,2319.86,1.4969
14-Nov-07,2304.06,1.4987
15-Nov-07,2273.73,1.5116
16-Nov-07,2285.67,1.508
19-Nov-07,2245.81,1.5188
20-Nov-07,2256.02,1.5154
21-Nov-07,2220.21,1.5243
23-Nov-07,2257.95,1.5262
26-Nov-07,2205.49,1.547
27-Nov-07,2238.52,1.5352
28-Nov-07,2303.17,1.5253
29-Nov-07,2304.43,1.5369
30-Nov-07,2322.34,1.5368
3-Dec-07,2308.74,1.5476
4-Dec-07,2293.66,1.5425
5-Dec-07,2329.71,1.5351
6-Dec-07,2364.97,1.529
7-Dec-07,2360.79,1.5178
10-Dec-07,2378.6,1.5119
11-Dec-07,2318.52,1.534
12-Dec-07,2332.85,1.5201
13-Dec-07,2335.79,1.5078
14-Dec-07,2303.79,1.5049
17-Dec-07,2269.24,1.5154
18-Dec-07,2283.5,1.5192
19-Dec-07,2280.47,1.5301
20-Dec-07,2292.23,1.5276
21-Dec-07,2330.81,1.5142
24-Dec-07,2349.66,1.51
26-Dec-07,2351.6,1.5031
27-Dec-07,2318.72,1.5122
28-Dec-07,2322.11,1.5264
31-Dec-07,2306.23,1.5328
2-Jan-08,2273.41,1.5481
3-Jan-08,2273.41,1.5499
4-Jan-08,2217.59,1.5527
7-Jan-08,2224.76,1.5581
8-Jan-08,2184.67,1.5646
9-Jan-08,2214.6,1.5596
10-Jan-08,2232.25,1.5514
11-Jan-08,2202.03,1.5647
14-Jan-08,2225.98,1.5666
15-Jan-08,2170.51,1.5799
16-Jan-08,2158.58,1.5718
17-Jan-08,2095.86,1.5861
18-Jan-08,2083.24,1.5853
22-Jan-08,2060.15,1.6106
23-Jan-08,2104.37,1.5895
24-Jan-08,2125.61,1.5761
25-Jan-08,2091.88,1.5952
28-Jan-08,2128.64,1.5934
29-Jan-08,2141.85,1.5809
30-Jan-08,2131.79,1.5823
31-Jan-08,2167.9,1.5916
1-Feb-08,2194.43,1.5922
4-Feb-08,2171.51,1.5857
5-Feb-08,2102.23,1.5955
6-Feb-08,2087.05,1.5926
7-Feb-08,2104.02,1.5722
8-Feb-08,2095.21,1.5871
11-Feb-08,2107.65,1.5909
12-Feb-08,2123.06,1.5852
13-Feb-08,2152.76,1.5765
14-Feb-08,2123.94,1.5662
15-Feb-08,2125.85,1.5736
19-Feb-08,2124.12,1.5563
20-Feb-08,2141.95,1.5564
21-Feb-08,2115.13,1.5721
22-Feb-08,2132.02,1.5683
25-Feb-08,2161.51,1.5578
26-Feb-08,2176.48,1.5626
27-Feb-08,2175,1.5637
28-Feb-08,2155.81,1.5864
29-Feb-08,2097.48,1.6042
3-Mar-08,2098.64,1.6001
4-Mar-08,2091.42,1.5924
5-Mar-08,2103.42,1.5845
6-Mar-08,2057.44,1.596
7-Mar-08,2040.17,1.601
10-Mar-08,2008.71,1.6104
11-Mar-08,2083.36,1.594
12-Mar-08,2065.21,1.6084
13-Mar-08,2075.88,1.6016
14-Mar-08,2032.79,1.6113
17-Mar-08,2014.88,1.6278
18-Mar-08,2100.38,1.6063
19-Mar-08,2049.4,1.6229
20-Mar-08,2098.46,1.6228
24-Mar-08,2130.62,1.5982
25-Mar-08,2135.54,1.6037
26-Mar-08,2116.93,1.609
27-Mar-08,2093.11,1.6005
28-Mar-08,2076.56,1.6107
31-Mar-08,2088.42,1.6159
1-Apr-08,2163.38,1.5963
2-Apr-08,2159.63,1.5915
3-Apr-08,2162.46,1.5942
4-Apr-08,2164.21,1.6088
7-Apr-08,2167.61,1.5998
8-Apr-08,2157.28,1.5977
9-Apr-08,2139.99,1.6078
10-Apr-08,2149.67,1.6002
11-Apr-08,2106.01,1.6094
14-Apr-08,2098.92,1.6043
15-Apr-08,2108.59,1.5928
16-Apr-08,2156.67,1.5822
17-Apr-08,2158.08,1.5766
18-Apr-08,2197.24,1.5795
21-Apr-08,2193.87,1.5775
22-Apr-08,2174.59,1.5824
23-Apr-08,2180.91,1.577
24-Apr-08,2194.96,1.5652
25-Apr-08,2209.25,1.5599
28-Apr-08,2207.02,1.5656
29-Apr-08,2198.5,1.5667
30-Apr-08,2190.13,1.5773
1-May-08,2228.09,1.5746
2-May-08,2235.3,1.5635
5-May-08,2225.37,1.563
6-May-08,2242.47,1.5576
7-May-08,2202.77,1.566
8-May-08,2210.95,1.575
9-May-08,2196.54,1.5752
12-May-08,2220.81,1.5735
13-May-08,2220.46,1.5601
14-May-08,2229.74,1.5614
15-May-08,2253.76,1.572
16-May-08,2256.64,1.568
19-May-08,2258.74,1.5707
20-May-08,2237.79,1.5773
21-May-08,2202.02,1.5736
22-May-08,2208.2,1.562
23-May-08,2179.05,1.57
27-May-08,2193.98,1.5622
28-May-08,2203.1,1.5528
29-May-08,2215.12,1.545
30-May-08,2218.5,1.547
2-Jun-08,2195.27,1.5585
3-Jun-08,2182.65,1.5658
4-Jun-08,2183.01,1.5568
5-Jun-08,2225.74,1.55
6-Jun-08,2157.24,1.5637
9-Jun-08,2159.03,1.5542
10-Jun-08,2153.77,1.5424
11-Jun-08,2117.84,1.5466
12-Jun-08,2124.94,1.5316
13-Jun-08,2156.96,1.5277
16-Jun-08,2157.14,1.5258
17-Jun-08,2142.55,1.534
18-Jun-08,2121.78,1.541
19-Jun-08,2130.3,1.5331
20-Jun-08,2090.82,1.5374
23-Jun-08,2090.94,1.5389
24-Jun-08,2085.08,1.5479
25-Jun-08,2097.37,1.5467
26-Jun-08,2036.4,1.5538
27-Jun-08,2028.89,1.5612
30-Jun-08,2031.47,1.5612
1-Jul-08,2039.66,1.5572
2-Jul-08,2002.64,1.5632
3-Jul-08,2004.87,1.5607
7-Jul-08,1988.09,1.5709
8-Jul-08,2022.83,1.5735
9-Jul-08,1976.97,1.5825
10-Jul-08,1990.78,1.5851
11-Jul-08,1968.86,1.5647
14-Jul-08,1951.08,1.5782
15-Jul-08,1929.85,1.5827
16-Jul-08,1978.47,1.5682
17-Jul-08,2002.3,1.5613
18-Jul-08,2002.88,1.55
21-Jul-08,2001.86,1.5558
22-Jul-08,2028.91,1.5489
23-Jul-08,2037.15,1.5469
24-Jul-08,1990.09,1.5617
25-Jul-08,1998.41,1.5494
28-Jul-08,1961.23,1.5621
29-Jul-08,2007.21,1.5574
30-Jul-08,2040.81,1.5566
31-Jul-08,2014.39,1.5692
1-Aug-08,2003.16,1.5714
4-Aug-08,1985.23,1.5682
5-Aug-08,2042.44,1.5612
6-Aug-08,2050.23,1.5573
7-Aug-08,2013.66,1.576
8-Aug-08,2061.77,1.575
11-Aug-08,2076.59,1.5671
12-Aug-08,2051.66,1.579
13-Aug-08,2046.35,1.5743
14-Aug-08,2057.72,1.5803
15-Aug-08,2066.36,1.5866
18-Aug-08,2035.3,1.5903
19-Aug-08,2016.52,1.5888
20-Aug-08,2029.15,1.5931
21-Aug-08,2034.35,1.5893
22-Aug-08,2057.64,1.5848
25-Aug-08,2017.27,1.5961
26-Aug-08,2024.72,1.5975
27-Aug-08,2041.24,1.5991
28-Aug-08,2071.86,1.5973
29-Aug-08,2043.53,1.5924
2-Sep-08,2035.24,1.6032
3-Sep-08,2032.13,1.6072
4-Sep-08,1971.37,1.6161
5-Sep-08,1980.18,1.6066
8-Sep-08,2021.13,1.6113
9-Sep-08,1952.14,1.6225
10-Sep-08,1964.25,1.6165
11-Sep-08,1992,1.6152
12-Sep-08,1996.26,1.6066
15-Sep-08,1902.17,1.6456
16-Sep-08,1935.49,1.6395
17-Sep-08,1844.31,1.6399
18-Sep-08,1924.85,1.6249
19-Sep-08,2002.32,1.5957
22-Sep-08,1925.86,1.5927
23-Sep-08,1895.78,1.5954
24-Sep-08,1892.05,1.5943
25-Sep-08,1929.24,1.5892
26-Sep-08,1935.79,1.59
29-Sep-08,1765.72,1.6225
30-Sep-08,1861.44,1.5938
1-Oct-08,1853.26,1.6037
2-Oct-08,1778.9,1.6133
3-Oct-08,1754.91,1.6158
6-Oct-08,1687.34,1.6339
7-Oct-08,1590.51,1.6255
8-Oct-08,1573.34,1.6081
9-Oct-08,1453.52,1.6025
10-Oct-08,1436.56,1.5831
14-Oct-08,1594.41,1.5571
15-Oct-08,1450.5,1.5676
16-Oct-08,1512.21,1.5647
17-Oct-08,1502.84,1.565
20-Oct-08,1574.5,1.5749
21-Oct-08,1526.02,1.5861
22-Oct-08,1433.22,1.6015
23-Oct-08,1451.37,1.5921
24-Oct-08,1401.29,1.5874
27-Oct-08,1356.78,1.5844
28-Oct-08,1503.16,1.5676
29-Oct-08,1486.73,1.5627
30-Oct-08,1525.37,1.5475
31-Oct-08,1548.81,1.5483
3-Nov-08,1544.91,1.5527
4-Nov-08,1608,1.5712
5-Nov-08,1524.21,1.5761
6-Nov-08,1448.01,1.5783
7-Nov-08,1490.31,1.5686
10-Nov-08,1471.64,1.5749
12-Nov-08,1365.15,1.5875
13-Nov-08,1459.82,1.5764
14-Nov-08,1399.2,1.5918
17-Nov-08,1363.14,1.6058
18-Nov-08,1376.82,1.6219
19-Nov-08,1292.76,1.6449
20-Nov-08,1206.04,1.6797
21-Nov-08,1282.59,1.6542
24-Nov-08,1365.63,1.6399
25-Nov-08,1374.79,1.6646
26-Nov-08,1423.9,1.6734
28-Nov-08,1437.68,1.6828
1-Dec-08,1309.39,1.707
2-Dec-08,1361.79,1.7131
3-Dec-08,1397.72,1.7111
4-Dec-08,1356.81,1.7208
5-Dec-08,1406.36,1.6965
8-Dec-08,1460.6,1.6933
9-Dec-08,1426.88,1.7078
10-Dec-08,1444,1.7022
11-Dec-08,1403.2,1.7121
12-Dec-08,1413.07,1.7163
15-Dec-08,1395.21,1.7244
16-Dec-08,1466.87,1.7569
17-Dec-08,1452.88,1.7716
18-Dec-08,1422.19,1.79
19-Dec-08,1426.39,1.7851
22-Dec-08,1400.42,1.781
23-Dec-08,1387.08,1.7793
24-Dec-08,1395.76,1.7775
26-Dec-08,1403.22,1.7845
29-Dec-08,1398.25,1.7894
30-Dec-08,1432.65,1.7943
31-Dec-08,1452.98,1.7727
2-Jan-09,1499.17,1.7534
5-Jan-09,1492.21,1.7428
6-Jan-09,1503.87,1.7494
7-Jan-09,1459.58,1.7454
8-Jan-09,1464.6,1.7506
9-Jan-09,1433.41,1.7548
12-Jan-09,1401.07,1.7668
13-Jan-09,1403.63,1.768
14-Jan-09,1356.79,1.7797
15-Jan-09,1358.64,1.7772
16-Jan-09,1368.92,1.7614
20-Jan-09,1296.63,1.7525
21-Jan-09,1353.33,1.7278
22-Jan-09,1332.84,1.721
23-Jan-09,1340.02,1.7191
26-Jan-09,1347.47,1.7154
27-Jan-09,1362.18,1.7287
28-Jan-09,1408.07,1.7135
29-Jan-09,1361.54,1.6926
30-Jan-09,1330.51,1.6939
2-Feb-09,1329.81,1.7113
3-Feb-09,1350.89,1.694
4-Feb-09,1341.77,1.6897
5-Feb-09,1363.82,1.6933
6-Feb-09,1401.06,1.6849
9-Feb-09,1403.19,1.6883
10-Feb-09,1334.3,1.7092
11-Feb-09,1345.5,1.7166
12-Feb-09,1348.15,1.7175
13-Feb-09,1334.83,1.7026
17-Feb-09,1274.26,1.736
18-Feb-09,1273.29,1.721
19-Feb-09,1258.82,1.7213
20-Feb-09,1244.72,1.7159
23-Feb-09,1201.56,1.7205
24-Feb-09,1249.76,1.7149
25-Feb-09,1236.74,1.7006
26-Feb-09,1217.49,1.6905
27-Feb-09,1188.84,1.6893
2-Mar-09,1133.43,1.7079
3-Mar-09,1126.18,1.7058
4-Mar-09,1153.35,1.6933
5-Mar-09,1104.38,1.7133
6-Mar-09,1106,1.7066
9-Mar-09,1095.04,1.7088
10-Mar-09,1164.83,1.6907
11-Mar-09,1168.07,1.7018
12-Mar-09,1215.87,1.713
13-Mar-09,1225.32,1.7105
16-Mar-09,1221.03,1.7046
17-Mar-09,1260.29,1.6982
18-Mar-09,1286.62,1.7585
19-Mar-09,1269.93,1.7663
20-Mar-09,1244.86,1.7651
23-Mar-09,1333.21,1.7623
24-Mar-09,1306.03,1.7584
25-Mar-09,1318.61,1.7497
26-Mar-09,1349.37,1.7547
27-Mar-09,1322.19,1.7546
30-Mar-09,1276.23,1.7605
31-Mar-09,1292.98,1.7683
1-Apr-09,1314.63,1.7698
2-Apr-09,1352.47,1.7532
3-Apr-09,1365.66,1.7356
6-Apr-09,1354.36,1.7305
7-Apr-09,1322.91,1.7345
8-Apr-09,1338.53,1.7408
9-Apr-09,1389.49,1.7305
13-Apr-09,1393.13,1.7412
14-Apr-09,1365.2,1.7518
15-Apr-09,1382.36,1.7552
16-Apr-09,1403.89,1.7453
17-Apr-09,1410.85,1.729
20-Apr-09,1350.52,1.7455
21-Apr-09,1379.22,1.7364
22-Apr-09,1368.92,1.7305
23-Apr-09,1382.52,1.7336
24-Apr-09,1405.74,1.7225
27-Apr-09,1391.58,1.7354
28-Apr-09,1387.82,1.7198
29-Apr-09,1417.99,1.7065
30-Apr-09,1416.73,1.705
1-May-09,1424.41,1.7008
4-May-09,1472.64,1.7017
5-May-09,1467.25,1.6999
6-May-09,1493.31,1.7003
7-May-09,1473.66,1.678
8-May-09,1509.14,1.6841
11-May-09,1477.2,1.7
12-May-09,1475.83,1.7006
13-May-09,1436.74,1.7078
14-May-09,1451.79,1.7111
15-May-09,1435.48,1.7036
18-May-09,1479.24,1.6898
19-May-09,1476.94,1.6894
20-May-09,1469.47,1.6969
21-May-09,1445.28,1.6707
22-May-09,1443.14,1.6602
26-May-09,1481.1,1.6468
27-May-09,1453.28,1.6229
28-May-09,1475.94,1.6385
29-May-09,1495.97,1.6562
1-Jun-09,1534.65,1.6312
2-Jun-09,1537.69,1.6385
3-Jun-09,1516.88,1.647
4-Jun-09,1534.59,1.6274
5-Jun-09,1530.82,1.6133
8-Jun-09,1529.59,1.6091
9-Jun-09,1535.03,1.6132
10-Jun-09,1529.76,1.6033
11-Jun-09,1539.5,1.6147
12-Jun-09,1541.7,1.622
15-Jun-09,1505.06,1.6335
16-Jun-09,1485.92,1.64
17-Jun-09,1483.9,1.6371
18-Jun-09,1496.59,1.6203
19-Jun-09,1501.25,1.6275
22-Jun-09,1455.54,1.6408
23-Jun-09,1458.92,1.6479
24-Jun-09,1468.48,1.64
25-Jun-09,1499.98,1.6583
26-Jun-09,1498.08,1.6605
29-Jun-09,1511.7,1.6678
30-Jun-09,1498.94,1.661
1-Jul-09,1505.64,1.6611
2-Jul-09,1461.8,1.666
6-Jul-09,1465.58,1.6658
7-Jul-09,1436.74,1.6715
8-Jul-09,1435.2,1.6892
9-Jul-09,1440.3,1.6777
10-Jul-09,1434.5,1.6899
13-Jul-09,1470.43,1.6837
14-Jul-09,1478.24,1.6694
15-Jul-09,1522.09,1.6541
16-Jul-09,1535.3,1.6581
17-Jul-09,1534.71,1.6492
20-Jul-09,1552.26,1.6557
21-Jul-09,1557.91,1.6718
22-Jul-09,1557.37,1.6647
23-Jul-09,1593.65,1.6514
24-Jul-09,1598.5,1.6516
27-Jul-09,1603.26,1.6442
28-Jul-09,1599.09,1.6495
29-Jul-09,1592,1.6524
30-Jul-09,1611.14,1.6584
31-Jul-09,1612.31,1.6747
3-Aug-09,1637.06,1.6569
4-Aug-09,1642.03,1.6517
5-Aug-09,1637.81,1.6451
6-Aug-09,1628.82,1.6457
7-Aug-09,1650.73,1.6342
10-Aug-09,1645.26,1.6441
11-Aug-09,1624.91,1.6573
12-Aug-09,1644.23,1.6512
13-Aug-09,1655.66,1.6653
14-Aug-09,1641.54,1.6683
17-Aug-09,1602.06,1.6808
18-Aug-09,1618.6,1.6761
19-Aug-09,1629.92,1.6839
20-Aug-09,1647.85,1.6864
21-Aug-09,1678.84,1.6694
24-Aug-09,1677.94,1.6814
25-Aug-09,1681.92,1.6865
26-Aug-09,1682.29,1.687
27-Aug-09,1687.16,1.6847
28-Aug-09,1684.05,1.6858
31-Aug-09,1670.52,1.692
1-Sep-09,1633.63,1.6969
2-Sep-09,1628.66,1.7059
3-Sep-09,1642.68,1.7021
4-Sep-09,1664.34,1.6899
8-Sep-09,1679.32,1.6864
9-Sep-09,1692.48,1.6904
10-Sep-09,1710.14,1.7077
11-Sep-09,1708.18,1.7072
14-Sep-09,1719.04,1.6993
15-Sep-09,1724.45,1.6944
16-Sep-09,1750.91,1.6941
17-Sep-09,1745.8,1.7039
18-Sep-09,1750.43,1.6947
21-Sep-09,1744.47,1.6936
22-Sep-09,1755.99,1.6974
23-Sep-09,1738.32,1.7014
24-Sep-09,1722.02,1.7045
25-Sep-09,1711.53,1.7121
28-Sep-09,1742.32,1.7182
29-Sep-09,1738.48,1.7167
30-Sep-09,1732.86,1.7147
1-Oct-09,1688.24,1.7329
2-Oct-09,1680.7,1.7275
5-Oct-09,1705.73,1.7274
6-Oct-09,1729.14,1.7227
7-Oct-09,1734.74,1.7331
8-Oct-09,1747.7,1.7244
9-Oct-09,1757.6,1.7052
13-Oct-09,1760.51,1.7108
14-Oct-09,1791.47,1.7018
15-Oct-09,1798.91,1.6957
16-Oct-09,1784.35,1.7026
19-Oct-09,1801.12,1.7063
20-Oct-09,1789.93,1.7129
21-Oct-09,1774.33,1.7068
22-Oct-09,1793.34,1.702
23-Oct-09,1771.5,1.6926
26-Oct-09,1750.75,1.6837
27-Oct-09,1744.95,1.6992
28-Oct-09,1711.09,1.7039
29-Oct-09,1749.76,1.6928
30-Oct-09,1700.67,1.7085
2-Nov-09,1711.65,1.7045
3-Nov-09,1715.81,1.6978
4-Nov-09,1718.21,1.6897
5-Nov-09,1751.45,1.6898
6-Nov-09,1756.07,1.6941
9-Nov-09,1795.56,1.6958
10-Nov-09,1795.9,1.6976
12-Nov-09,1786.66,1.7025
13-Nov-09,1796.93,1.7052
16-Nov-09,1823.29,1.7174
17-Nov-09,1825.18,1.7182
18-Nov-09,1824.61,1.7131
19-Nov-09,1800.12,1.717
20-Nov-09,1794.65,1.7126
23-Nov-09,1819.17,1.7157
24-Nov-09,1818.31,1.7225
25-Nov-09,1826.74,1.7276
27-Nov-09,1795.7,1.7366
30-Nov-09,1802.68,1.7384
1-Dec-09,1824.54,1.7285
2-Dec-09,1825.4,1.7264
3-Dec-09,1810.13,1.7181
4-Dec-09,1820.11,1.7061
7-Dec-09,1815.7,1.7146
8-Dec-09,1797.31,1.7207
9-Dec-09,1804.1,1.7145
10-Dec-09,1814.81,1.7069
11-Dec-09,1821.8,1.7022
14-Dec-09,1834.55,1.7027
15-Dec-09,1824.37,1.6978
16-Dec-09,1826.45,1.6968
17-Dec-09,1804.96,1.7123
18-Dec-09,1815.5,1.7053
21-Dec-09,1834.59,1.6893
22-Dec-09,1841.17,1.6808
23-Dec-09,1845.8,1.6805
24-Dec-09,1855.5,1.675
28-Dec-09,1857.89,1.6703
29-Dec-09,1855.61,1.6759
30-Dec-09,1856.14,1.6774
31-Dec-09,1837.5,1.6724
4-Jan-10,1867.06,1.6747
5-Jan-10,1872.9,1.6814
6-Jan-10,1874.73,1.6749
7-Jan-10,1882.34,1.6751
8-Jan-10,1887.77,1.675
11-Jan-10,1891.06,1.6773
12-Jan-10,1873.32,1.6908
13-Jan-10,1889.1,1.6809
14-Jan-10,1893.72,1.687
15-Jan-10,1873.3,1.6938
19-Jan-10,1896.72,1.6918
20-Jan-10,1876.9,1.6972
21-Jan-10,1841.39,1.7051
22-Jan-10,1800.61,1.7031
25-Jan-10,1808.93,1.7023
26-Jan-10,1801.34,1.7024
27-Jan-10,1810.21,1.6999
28-Jan-10,1788.97,1.701
29-Jan-10,1771.4,1.7072
1-Feb-10,1796.67,1.6989
2-Feb-10,1819.99,1.701
3-Feb-10,1810.64,1.6934
4-Feb-10,1754.3,1.7066
5-Feb-10,1759.38,1.7116
8-Feb-10,1744.37,1.7134
9-Feb-10,1767.18,1.7042
10-Feb-10,1763.69,1.6985
11-Feb-10,1781.01,1.6962
12-Feb-10,1776.5,1.6996
16-Feb-10,1808.72,1.7043
17-Feb-10,1816.7,1.6948
18-Feb-10,1828.81,1.6867
19-Feb-10,1833.09,1.6898
22-Feb-10,1831.21,1.6881
23-Feb-10,1809.05,1.7017
24-Feb-10,1826.99,1.7015
25-Feb-10,1823.64,1.7092
26-Feb-10,1826.27,1.7108
1-Mar-10,1844.87,1.7127
2-Mar-10,1849.17,1.7133
3-Mar-10,1850.24,1.7117
4-Mar-10,1857.2,1.7139
5-Mar-10,1883.28,1.7045
8-Mar-10,1883.29,1.7005
9-Mar-10,1886.6,1.7034
10-Mar-10,1895.38,1.7004
11-Mar-10,1903.68,1.6999
12-Mar-10,1903.29,1.7032
15-Mar-10,1904.19,1.7051
16-Mar-10,1919.02,1.7109
17-Mar-10,1930.22,1.7122
18-Mar-10,1929.63,1.7081
19-Mar-10,1919.8,1.7059
22-Mar-10,1929.64,1.7112
23-Mar-10,1943.7,1.7091
24-Mar-10,1933.04,1.6883
25-Mar-10,1929.75,1.6852
26-Mar-10,1931.18,1.6892
29-Mar-10,1942.51,1.6876
30-Mar-10,1942.81,1.6888
31-Mar-10,1936.48,1.6929
1-Apr-10,1950.91,1.6876
5-Apr-10,1966.44,1.6716
6-Apr-10,1969.76,1.6768
7-Apr-10,1959.04,1.6901
8-Apr-10,1965.72,1.6857
9-Apr-10,1978.86,1.687
12-Apr-10,1982.4,1.6934
13-Apr-10,1983.91,1.6963
14-Apr-10,2006.06,1.6911
15-Apr-10,2007.74,1.695
16-Apr-10,1975.36,1.7043
19-Apr-10,1984.32,1.7001
20-Apr-10,2000.33,1.7004
21-Apr-10,1998.31,1.7091
22-Apr-10,2002.93,1.7045
23-Apr-10,2017.19,1.6993
26-Apr-10,2008.55,1.7006
27-Apr-10,1961.6,1.7167
28-Apr-10,1974.63,1.7066
29-Apr-10,2000.34,1.7123
30-Apr-10,1967.05,1.7211
3-May-10,1992.87,1.7182
4-May-10,1945.37,1.7289
5-May-10,1933.25,1.7316
6-May-10,1870.95,1.7471
7-May-10,1842.32,1.7445
10-May-10,1923.39,1.7321
11-May-10,1917.25,1.7355
12-May-10,1944.25,1.7308
13-May-10,1920.76,1.7369
14-May-10,1884.67,1.7447
17-May-10,1887.11,1.7429
18-May-10,1860.65,1.7605
19-May-10,1851.28,1.7574
20-May-10,1779.3,1.777
21-May-10,1806.05,1.7738
24-May-10,1782.77,1.7798
25-May-10,1783.4,1.7835
26-May-10,1773.65,1.7797
27-May-10,1832.61,1.7572
28-May-10,1809.98,1.7653
1-Jun-10,1778.99,1.7705
2-Jun-10,1825.25,1.7617
3-Jun-10,1832.72,1.759
4-Jun-10,1769.72,1.7799
7-Jun-10,1745.87,1.7883
8-Jun-10,1765.29,1.7831
9-Jun-10,1754.91,1.7847
10-Jun-10,1806.69,1.7664
11-Jun-10,1815.26,1.778
14-Jun-10,1812.02,1.7769
15-Jun-10,1854.61,1.7709
16-Jun-10,1853.62,1.7771
17-Jun-10,1856.25,1.7862
18-Jun-10,1858.7,1.7824
21-Jun-10,1851.55,1.7802
22-Jun-10,1822.05,1.7907
23-Jun-10,1816.65,1.7971
24-Jun-10,1786.13,1.7948
25-Jun-10,1791.24,1.799
28-Jun-10,1787.94,1.811
29-Jun-10,1732.55,1.8205
30-Jun-10,1715.23,1.8231
1-Jul-10,1709.77,1.8211
2-Jul-10,1701.86,1.8162
6-Jul-10,1710.97,1.8238
7-Jul-10,1765.42,1.8164
8-Jul-10,1782.1,1.8089
9-Jul-10,1794.94,1.8057
12-Jul-10,1796.3,1.8047
13-Jul-10,1824.07,1.7962
14-Jul-10,1823.82,1.8078
15-Jul-10,1826,1.8158
16-Jul-10,1773.43,1.8265
19-Jul-10,1784.06,1.8217
20-Jul-10,1804.48,1.8236
21-Jul-10,1781.6,1.8344
22-Jul-10,1821.76,1.8255
23-Jul-10,1836.75,1.8168
26-Jul-10,1857.34,1.8175
27-Jul-10,1855.39,1.8095
28-Jul-10,1842.66,1.819
29-Jul-10,1835.29,1.8186
30-Jul-10,1835.4,1.8293
2-Aug-10,1875.85,1.8235
3-Aug-10,1866.87,1.8306
4-Aug-10,1878.81,1.8254
5-Aug-10,1876.51,1.8331
6-Aug-10,1869.77,1.8437
9-Aug-10,1880.06,1.8433
10-Aug-10,1868.88,1.8518
11-Aug-10,1817.13,1.8613
12-Aug-10,1807.61,1.8575
13-Aug-10,1800.39,1.8669
16-Aug-10,1800.7,1.882
17-Aug-10,1823.18,1.872
18-Aug-10,1826.14,1.8715
19-Aug-10,1795.24,1.8794
20-Aug-10,1788.67,1.8748
23-Aug-10,1781.47,1.8777
24-Aug-10,1755.65,1.892
25-Aug-10,1761.62,1.8854
26-Aug-10,1748.14,1.8937
27-Aug-10,1777.6,1.8704
30-Aug-10,1751.79,1.8868
31-Aug-10,1752.55,1.8946
1-Sep-10,1804.46,1.8802
2-Sep-10,1820.98,1.8729
3-Sep-10,1845.1,1.8623
7-Sep-10,1824.05,1.8775
8-Sep-10,1836.21,1.8705
9-Sep-10,1845.09,1.8562
10-Sep-10,1854.1,1.8512
13-Sep-10,1875.41,1.8578
14-Sep-10,1874.07,1.8678
15-Sep-10,1880.74,1.8622
16-Sep-10,1880.37,1.8573
17-Sep-10,1881.93,1.8607
20-Sep-10,1910.6,1.8661
21-Sep-10,1905.74,1.8838
22-Sep-10,1896.77,1.8867
23-Sep-10,1880.97,1.8877
24-Sep-10,1920.84,1.879
27-Sep-10,1909.98,1.8908
28-Sep-10,1919.59,1.8996
29-Sep-10,1914.84,1.8949
30-Sep-10,1908.95,1.893
1-Oct-10,1917.42,1.8934
4-Oct-10,1902.15,1.9
5-Oct-10,1941.82,1.9007
6-Oct-10,1941.5,1.9125
7-Oct-10,1938.31,1.9151
8-Oct-10,1950.18,1.9141
12-Oct-10,1957.92,1.9083
13-Oct-10,1972.08,1.9099
14-Oct-10,1964.9,1.8957
15-Oct-10,1968.87,1.8868
18-Oct-10,1983.17,1.8963
19-Oct-10,1951.67,1.9012
20-Oct-10,1972.51,1.9009
21-Oct-10,1976.12,1.8904
22-Oct-10,1980.83,1.8889
25-Oct-10,1985.11,1.8882
26-Oct-10,1985.13,1.876
27-Oct-10,1980.05,1.8633
28-Oct-10,1982.45,1.8728
29-Oct-10,1981.59,1.8831
1-Nov-10,1983.47,1.8795
2-Nov-10,1998.86,1.8851
3-Nov-10,2006.58,1.8879
4-Nov-10,2045.62,1.9012
5-Nov-10,2053.77,1.8943
8-Nov-10,2049.69,1.8915
9-Nov-10,2033.85,1.8744
10-Nov-10,2043.16,1.8849
12-Nov-10,2010.57,1.8612
15-Nov-10,2008.25,1.8341
16-Nov-10,1976.26,1.8536
17-Nov-10,1977,1.8473
18-Nov-10,2007.38,1.844
19-Nov-10,2012.59,1.848
22-Nov-10,2009.52,1.8598
23-Nov-10,1980.89,1.8643
24-Nov-10,2010.56,1.8422
26-Nov-10,1996.03,1.8501
29-Nov-10,1993.83,1.8579
30-Nov-10,1981.84,1.8617
1-Dec-10,2024.97,1.8384
2-Dec-10,2050.96,1.8341
3-Dec-10,2056.4,1.832
6-Dec-10,2053.8,1.8429
7-Dec-10,2054.89,1.8145
8-Dec-10,2063.03,1.7939
9-Dec-10,2071.12,1.8021
10-Dec-10,2083.57,1.7866
13-Dec-10,2084,1.7936
14-Dec-10,2085.93,1.7687
15-Dec-10,2075.29,1.761
16-Dec-10,2088.19,1.7755
17-Dec-10,2089.95,1.788
20-Dec-10,2095.32,1.789
21-Dec-10,2108.26,1.7938
22-Dec-10,2115.69,1.7878
23-Dec-10,2112.37,1.7832
27-Dec-10,2113.67,1.7916
28-Dec-10,2115.32,1.7717
29-Dec-10,2117.83,1.7892
30-Dec-10,2114.7,1.7879
31-Dec-10,2114.29,1.8005
