Date,Close,VIX
20040102,1108.48,18.22
20040105,1122.22,17.49
20040106,1123.67,16.73
20040107,1126.33,15.5
20040108,1131.92,15.61
20040109,1121.86,16.75
20040112,1127.23,16.82
20040113,1121.22,18.04
20040114,1130.52,16.75
20040115,1132.05,15.56
20040116,1139.83,15
20040120,1138.77,15.21
20040121,1147.62,14.34
20040122,1143.94,14.71
20040123,1141.55,14.84
20040126,1155.37,14.55
20040127,1144.05,15.35
20040128,1128.48,16.78
20040129,1134.11,17.14
20040130,1131.13,16.63
20040202,1135.26,17.11
20040203,1136.03,17.34
20040204,1126.52,17.87
20040205,1128.59,17.71
20040206,1142.76,16
20040209,1139.81,16.39
20040210,1145.54,15.94
20040211,1157.76,15.39
20040212,1152.11,15.31
20040213,1145.81,15.58
20040217,1156.99,15.4
20040218,1151.82,15.59
20040219,1147.06,15.8
20040220,1144.11,16.04
20040223,1140.99,16.29
20040224,1139.09,15.9
20040225,1143.67,14.93
20040226,1144.91,14.83
20040227,1144.94,14.55
20040301,1155.96,14.44
20040302,1149.1,14.86
20040303,1151.04,14.55
20040304,1154.88,14.4
20040305,1156.87,14.48
20040308,1147.21,15.79
20040309,1140.58,16.6
20040310,1123.89,18.67
20040311,1106.78,20.67
20040312,1120.57,18.3
20040315,1104.49,21.13
20040316,1110.7,20.34
20040317,1123.75,18.11
20040318,1122.32,18.53
20040319,1109.78,19.15
20040322,1095.4,21.58
20040323,1093.95,20.67
20040324,1091.33,19.81
20040325,1109.19,17.88
20040326,1108.06,17.33
20040329,1122.47,16.5
20040330,1127,16.28
20040331,1126.21,16.74
20040401,1132.17,16.65
20040402,1141.81,15.64
20040405,1150.57,14.97
20040406,1148.16,15.32
20040407,1140.53,15.76
20040408,1139.32,16.26
20040412,1145.2,15.28
20040413,1129.44,17.26
20040414,1128.17,15.62
20040415,1128.84,15.74
20040416,1134.61,14.94
20040419,1135.82,15.42
20040420,1118.15,16.67
20040421,1124.09,15.6
20040422,1139.93,14.61
20040423,1140.6,14.01
20040426,1135.53,14.77
20040427,1138.11,15.07
20040428,1122.41,16.29
20040429,1113.89,16.6
20040430,1107.3,17.19
20040503,1117.49,16.62
20040504,1119.55,16.55
20040505,1121.53,15.77
20040506,1113.99,17.05
20040507,1098.7,18.13
20040510,1087.12,19.77
20040511,1095.45,18.57
20040512,1097.28,18.14
20040513,1096.44,18.86
20040514,1095.7,18.47
20040517,1084.1,19.96
20040518,1091.49,19.33
20040519,1088.68,18.93
20040520,1089.19,18.67
20040521,1093.56,18.49
20040524,1095.41,18.08
20040525,1113.05,15.96
20040526,1114.94,15.97
20040527,1121.28,15.28
20040528,1120.68,15.5
20040601,1121.2,16.3
20040602,1124.99,16.08
20040603,1116.64,17.03
20040604,1122.5,16.78
20040607,1140.42,15.39
20040608,1142.18,15.01
20040609,1131.33,15.39
20040610,1136.47,15.04
20040614,1125.29,16.07
20040615,1132.01,15.05
20040616,1133.56,14.79
20040617,1132.05,15.15
20040618,1135.02,14.99
20040621,1130.3,15.26
20040622,1134.41,14.31
20040623,1144.06,13.98
20040624,1140.65,14.81
20040625,1134.43,15.19
20040628,1133.35,16.07
20040629,1136.2,15.47
20040630,1140.84,14.34
20040701,1128.94,15.2
20040702,1125.38,15.08
20040706,1116.21,16.25
20040707,1118.33,15.81
20040708,1109.11,16.2
20040709,1112.81,15.78
20040712,1114.35,14.96
20040713,1115.14,14.46
20040714,1111.47,13.76
20040715,1106.69,14.71
20040716,1101.39,14.34
20040719,1100.9,15.17
20040720,1108.67,14.17
20040721,1093.88,16.41
20040722,1096.84,15.75
20040723,1086.2,16.5
20040726,1084.06,17.3
20040727,1094.83,16.55
20040728,1095.42,16.15
20040729,1100.43,15.68
20040730,1101.72,15.32
20040802,1106.62,15.37
20040803,1099.69,16.03
20040804,1098.63,16.21
20040805,1080.7,18.32
20040806,1063.97,19.34
20040809,1065.22,18.89
20040810,1079.04,17.47
20040811,1075.79,18.04
20040812,1063.23,19.08
20040813,1064.8,17.98
20040816,1079.34,17.57
20040817,1081.71,17.02
20040818,1095.17,16.23
20040819,1091.23,16.96
20040820,1098.35,16
20040823,1095.68,15.88
20040824,1096.19,15.33
20040825,1104.96,14.98
20040826,1105.09,14.91
20040827,1107.77,14.71
20040830,1099.15,15.44
20040831,1104.24,15.29
20040901,1105.91,14.91
20040902,1118.31,14.28
20040903,1113.63,13.91
20040907,1121.3,14.07
20040908,1116.27,14.06
20040909,1118.38,14.01
20040910,1123.92,13.76
20040913,1125.82,13.17
20040914,1128.33,13.56
20040915,1120.37,14.64
20040916,1123.5,14.39
20040917,1128.55,14.03
20040920,1122.2,14.43
20040921,1129.3,13.66
20040922,1113.56,14.74
20040923,1108.36,14.8
20040924,1110.11,14.28
20040927,1103.52,14.62
20040928,1110.06,13.83
20040929,1114.8,13.21
20040930,1114.58,13.34
20041001,1131.5,12.75
20041004,1135.17,13.41
20041005,1134.48,13.95
20041006,1142.05,13.28
20041007,1130.65,14.5
20041008,1122.14,15.05
20041011,1124.39,14.71
20041012,1121.84,15.05
20041013,1113.65,15.42
20041014,1103.29,16.43
20041015,1108.2,15.04
20041018,1114.02,14.71
20041019,1103.23,15.13
20041020,1103.66,14.85
20041021,1106.49,14.54
20041022,1095.74,15.28
20041025,1094.81,16.58
20041026,1111.09,16.39
20041027,1125.4,15.72
20041028,1127.44,15.39
20041029,1130.2,16.27
20041101,1130.51,16.27
20041102,1130.54,16.18
20041103,1143.2,14.04
20041104,1161.67,13.97
20041105,1166.17,13.84
20041108,1164.89,13.8
20041109,1164.08,13.61
20041110,1162.91,13.08
20041111,1173.48,13.04
20041112,1184.17,13.33
20041115,1183.81,13.38
20041116,1175.43,13.21
20041117,1181.94,13.21
20041118,1183.55,12.98
20041119,1170.34,13.5
20041122,1177.24,12.97
20041123,1176.94,12.67
20041124,1181.76,12.72
20041126,1182.65,12.78
20041129,1178.57,13.3
20041130,1173.82,13.24
20041201,1191.37,12.97
20041202,1190.33,12.98
20041203,1191.17,12.96
20041206,1190.25,13.19
20041207,1177.07,13.67
20041208,1182.81,13.19
20041209,1189.24,12.88
20041210,1188,12.76
20041213,1198.68,12.54
20041214,1203.38,12.73
20041215,1205.72,12.35
20041216,1203.21,12.27
20041217,1194.22,11.95
20041220,1194.65,11.83
20041221,1205.45,11.55
20041222,1209.57,11.45
20041223,1210.13,11.23
20041227,1204.92,12.14
20041228,1213.54,12
20041229,1213.45,11.62
20041230,1213.55,12.56
20041231,1211.92,13.29
20050103,1202.08,14.08
20050104,1188.05,13.98
20050105,1183.74,14.09
20050106,1187.89,13.58
20050107,1186.19,13.49
20050110,1190.25,13.23
20050111,1182.99,13.19
20050112,1187.7,12.56
20050113,1177.45,12.84
20050114,1184.52,12.43
20050118,1195.98,12.47
20050119,1184.63,13.18
20050120,1175.41,13.83
20050121,1167.87,14.36
20050124,1163.75,14.65
20050125,1168.41,14.06
20050126,1174.07,13.44
20050127,1174.55,13.24
20050128,1171.36,13.24
20050131,1181.27,12.82
20050201,1189.41,12.03
20050202,1193.19,11.66
20050203,1189.89,11.79
20050204,1203.03,11.21
20050207,1201.72,11.73
20050208,1202.3,11.6
20050209,1191.99,12
20050210,1197.01,11.51
20050211,1205.3,11.43
20050214,1206.14,11.52
20050215,1210.12,11.27
20050216,1210.34,11.1
20050217,1200.75,11.77
20050218,1201.59,11.18
20050222,1184.16,13.14
20050223,1190.8,12.39
20050224,1200.2,11.57
20050225,1211.37,11.49
20050228,1203.6,12.08
20050301,1210.41,12.04
20050302,1210.08,12.5
20050303,1210.47,12.93
20050304,1222.12,11.94
20050307,1225.31,12.26
20050308,1219.43,12.4
20050309,1207.01,12.7
20050310,1209.25,12.49
20050311,1200.08,12.8
20050314,1206.83,12.39
20050315,1197.75,13.15
20050316,1188.07,13.49
20050317,1190.21,13.29
20050318,1189.65,13.14
20050321,1183.78,13.61
20050322,1171.71,14.27
20050323,1172.53,14.06
20050324,1171.42,13.42
20050328,1174.28,13.75
20050329,1165.36,14.49
20050330,1181.41,13.64
20050331,1180.59,14.02
20050401,1172.92,14.09
20050404,1176.12,14.11
20050405,1181.39,13.68
20050406,1184.07,13.15
20050407,1191.14,12.33
20050408,1181.2,12.62
20050411,1181.21,11.98
20050412,1187.76,11.3
20050413,1173.79,13.31
20050414,1162.05,14.53
20050415,1142.62,17.74
20050418,1145.98,16.56
20050419,1152.78,14.96
20050420,1137.5,16.92
20050421,1159.95,14.41
20050422,1152.12,15.38
20050425,1162.1,14.62
20050426,1151.74,14.91
20050427,1156.38,14.87
20050428,1143.22,16.86
20050429,1156.85,15.31
20050502,1162.16,15.12
20050503,1161.17,14.53
20050504,1175.65,13.85
20050505,1172.63,13.98
20050506,1171.35,14.05
20050509,1178.84,13.75
20050510,1166.22,14.91
20050511,1171.11,14.45
20050512,1159.36,16.12
20050513,1154.05,16.32
20050516,1165.69,15.68
20050517,1173.8,14.57
20050518,1185.56,13.63
20050519,1191.08,13.32
20050520,1189.28,13.14
20050523,1193.86,12.95
20050524,1194.07,12.69
20050525,1190.01,12.58
20050526,1197.62,12.24
20050527,1198.78,12.15
20050531,1191.5,13.29
20050601,1202.27,12.36
20050602,1204.29,11.84
20050603,1196.02,12.15
20050606,1197.51,12.28
20050607,1197.26,12.39
20050608,1194.67,12.7
20050609,1200.93,12.08
20050610,1198.11,11.96
20050613,1200.82,11.65
20050614,1203.91,11.79
20050615,1206.58,11.46
20050616,1210.96,11.15
20050617,1216.96,11.48
20050620,1216.1,11.47
20050621,1213.61,11.08
20050622,1213.88,11.05
20050623,1200.73,12.13
20050624,1191.57,12.18
20050627,1190.69,12.52
20050628,1201.57,11.58
20050629,1199.85,11.77
20050630,1191.33,12.04
20050701,1194.44,11.4
20050705,1204.99,11.68
20050706,1194.94,12.27
20050707,1197.87,12.49
20050708,1211.86,11.45
20050711,1219.44,11.28
20050712,1222.21,10.95
20050713,1223.29,10.84
20050714,1226.5,10.81
20050715,1227.92,10.33
20050718,1221.13,10.77
20050719,1229.35,10.45
20050720,1235.2,10.23
20050721,1227.04,10.97
20050722,1233.68,10.52
20050725,1229.03,11.1
20050726,1231.16,10.99
20050727,1236.79,10.36
20050728,1243.72,10.52
20050729,1234.18,11.57
20050801,1235.35,12.08
20050802,1244.12,11.75
20050803,1245.04,11.83
20050804,1235.86,12.52
20050805,1226.42,12.48
20050808,1223.13,13.21
20050809,1231.38,12.4
20050810,1229.13,12.38
20050811,1237.81,12.42
20050812,1230.39,12.74
20050815,1233.87,12.26
20050816,1219.34,13.52
20050817,1220.24,13.3
20050818,1219.02,13.42
20050819,1219.71,13.42
20050822,1221.73,13.42
20050823,1217.57,13.34
20050824,1209.59,14.17
20050825,1212.39,13.73
20050826,1205.1,13.72
20050829,1212.28,13.52
20050830,1208.41,13.65
20050831,1220.33,12.6
20050901,1221.59,13.15
20050902,1218.02,13.57
20050906,1233.39,12.93
20050907,1236.36,12.52
20050908,1231.67,12.93
20050909,1241.48,11.98
20050912,1240.56,11.65
20050913,1231.2,12.39
20050914,1227.16,12.91
20050915,1227.73,12.49
20050916,1237.91,11.22
20050919,1231.02,12.14
20050920,1221.34,12.64
20050921,1210.2,13.79
20050922,1214.62,13.33
20050923,1215.29,12.96
20050926,1215.63,13.04
20050927,1215.66,12.76
20050928,1216.89,12.63
20050929,1227.68,12.24
20050930,1228.81,11.92
20051003,1226.7,12.46
20051004,1214.47,13.2
20051005,1196.39,14.55
20051006,1191.49,14.96
20051007,1195.9,14.59
20051010,1187.33,15.55
20051011,1184.87,15.63
20051012,1177.68,16.22
20051013,1176.84,16.47
20051014,1186.57,14.87
20051017,1190.1,14.67
20051018,1178.14,15.33
20051019,1195.76,13.5
20051020,1177.8,16.11
20051021,1179.59,16.13
20051024,1199.38,14.74
20051025,1196.54,14.53
20051026,1191.38,14.59
20051027,1178.9,16.02
20051028,1198.41,14.25
20051031,1207.01,15.32
20051101,1202.76,14.85
20051102,1214.76,13.48
20051103,1219.94,13
20051104,1220.14,13.17
20051107,1222.81,13.1
20051108,1218.59,13.08
20051109,1220.65,12.8
20051110,1230.96,11.9
20051111,1234.72,11.63
20051114,1233.76,12.18
20051115,1229.01,12.23
20051116,1231.21,12.26
20051117,1242.8,11.25
20051118,1248.27,11.12
20051121,1254.85,10.82
20051122,1261.23,10.6
20051123,1265.61,10.96
20051125,1268.25,10.88
20051128,1257.46,11.84
20051129,1257.48,11.89
20051130,1249.48,12.06
20051201,1264.67,11.24
20051202,1265.08,11.01
20051205,1262.09,11.6
20051206,1263.7,11.52
20051207,1257.37,12.18
20051208,1255.84,12.21
20051209,1259.37,11.69
20051212,1260.43,11.47
20051213,1267.43,11.11
20051214,1272.74,10.48
20051215,1270.94,10.73
20051216,1267.32,10.68
20051219,1259.92,11.38
20051220,1259.62,11.19
20051221,1262.79,10.81
20051222,1268.12,10.29
20051223,1268.66,10.27
20051227,1256.54,11.57
20051228,1258.17,11.35
20051229,1254.42,11.61
20051230,1248.29,12.07
20060103,1268.8,11.14
20060104,1273.46,11.37
20060105,1273.48,11.31
20060106,1285.45,11
20060109,1290.15,11.13
20060110,1289.69,10.86
20060111,1294.18,10.94
20060112,1286.06,11.2
20060113,1287.61,11.23
20060117,1282.93,11.91
20060118,1277.93,12.25
20060119,1285.04,11.98
20060120,1261.49,14.56
20060123,1263.82,13.93
20060124,1266.86,13.31
20060125,1264.68,12.87
20060126,1273.83,12.42
20060127,1283.72,11.97
20060130,1285.2,12.39
20060131,1280.08,12.95
20060201,1282.46,12.36
20060202,1270.84,13.23
20060203,1264.03,12.96
20060206,1265.02,13.04
20060207,1254.78,13.59
20060208,1265.65,12.83
20060209,1263.78,13.12
20060210,1266.99,12.87
20060213,1262.86,13.35
20060214,1275.53,12.25
20060215,1280,12.31
20060216,1289.38,11.48
20060217,1287.24,12.01
20060221,1283.03,12.41
20060222,1292.67,11.88
20060223,1287.79,11.87
20060224,1289.43,11.46
20060227,1294.12,11.59
20060228,1280.66,12.34
20060301,1291.24,11.54
20060302,1289.14,11.72
20060303,1287.23,11.96
20060306,1278.26,12.74
20060307,1275.88,12.66
20060308,1278.47,12.32
20060309,1272.23,12.68
20060310,1281.58,11.85
20060313,1284.13,11.37
20060314,1297.48,10.74
20060315,1303.02,11.35
20060316,1305.33,11.98
20060317,1307.25,12.12
20060320,1305.08,11.79
20060321,1297.23,11.62
20060322,1305.04,11.21
20060323,1301.67,11.17
20060324,1302.95,11.19
20060327,1301.61,11.46
20060328,1293.23,11.58
20060329,1302.89,10.95
20060330,1300.25,11.57
20060331,1294.83,11.39
20060403,1297.81,11.57
20060404,1305.93,11.14
20060405,1311.56,11.13
20060406,1309.04,11.45
20060407,1295.5,12.26
20060410,1296.6,12.19
20060411,1286.57,13
20060412,1288.12,12.76
20060413,1289.12,12.38
20060417,1285.33,12.58
20060418,1307.65,11.4
20060419,1309.93,11.32
20060420,1311.46,11.64
20060421,1311.28,11.59
20060424,1308.11,11.75
20060425,1301.74,11.75
20060426,1305.41,11.76
20060427,1309.72,11.84
20060428,1310.61,11.59
20060501,1305.19,12.54
20060502,1313.21,11.99
20060503,1307.85,11.99
20060504,1312.25,11.86
20060505,1325.76,11.62
20060508,1324.66,12
20060509,1325.14,11.99
20060510,1322.85,11.78
20060511,1305.92,12.49
20060512,1291.24,14.19
20060515,1294.5,13.57
20060516,1292.08,13.35
20060517,1270.32,16.26
20060518,1261.81,16.99
20060519,1267.03,17.18
20060522,1262.07,17.72
20060523,1256.58,18.26
20060524,1258.57,17.36
20060525,1272.88,15.5
20060526,1280.16,14.26
20060530,1259.84,18.66
20060531,1270.09,16.44
20060601,1285.71,14.52
20060602,1288.22,14.32
20060605,1265.29,16.65
20060606,1263.85,17.34
20060607,1256.15,17.8
20060608,1257.93,18.35
20060609,1252.3,18.12
20060612,1236.4,20.96
20060613,1223.69,23.81
20060614,1230.04,21.46
20060615,1256.16,15.9
20060616,1251.54,17.25
20060619,1240.14,17.83
20060620,1240.12,16.69
20060621,1252.2,15.52
20060622,1245.6,15.88
20060623,1244.5,15.89
20060626,1250.56,15.62
20060627,1239.2,16.4
20060628,1246,15.79
20060629,1272.87,13.03
20060630,1270.2,13.08
20060703,1280.19,13.05
20060705,1270.91,14.15
20060706,1274.08,13.65
20060707,1265.48,13.97
20060710,1267.34,14.02
20060711,1272.52,13.14
20060712,1258.6,14.49
20060713,1242.29,17.79
20060714,1236.2,18.05
20060717,1234.49,18.64
20060718,1236.86,17.74
20060719,1259.81,15.55
20060720,1249.13,16.21
20060721,1240.29,17.4
20060724,1260.91,14.98
20060725,1268.88,14.85
20060726,1268.4,14.62
20060727,1263.2,14.94
20060728,1278.55,14.33
20060731,1276.66,14.95
20060801,1270.92,15.05
20060802,1278.55,14.34
20060803,1280.27,14.46
20060804,1279.36,14.34
20060807,1275.77,15.23
20060808,1271.48,15.23
20060809,1265.95,15.2
20060810,1271.81,14.46
20060811,1266.74,14.3
20060814,1268.21,14.26
20060815,1285.58,13.42
20060816,1295.43,12.41
20060817,1297.48,12.24
20060818,1302.3,11.64
20060821,1297.52,12.22
20060822,1298.82,12.19
20060823,1292.99,12.4
20060824,1296.06,12.4
20060825,1295.09,12.31
20060828,1301.78,12.18
20060829,1304.28,12.28
20060830,1304.27,12.22
20060831,1303.82,12.31
20060901,1311.01,11.96
20060905,1313.25,12.63
20060906,1300.26,13.74
20060907,1294.02,13.88
20060908,1298.92,13.16
20060911,1299.54,12.99
20060912,1313.11,11.92
20060913,1318.07,11.18
20060914,1316.28,11.55
20060915,1319.87,11.76
20060918,1321.18,11.78
20060919,1318.31,11.98
20060920,1325.18,11.39
20060921,1318.03,12.25
20060922,1314.78,12.59
20060925,1326.37,12.12
20060926,1336.34,11.53
20060927,1336.59,11.58
20060928,1339.15,11.72
20060929,1335.85,11.98
20061002,1331.32,12.57
20061003,1334.11,12.24
20061004,1350.22,11.86
20061005,1353.22,11.98
20061006,1349.58,11.56
20061009,1350.66,11.68
20061010,1353.42,11.52
20061011,1349.95,11.62
20061012,1362.83,11.09
20061013,1365.62,10.75
20061016,1369.05,11.09
20061017,1364.05,11.73
20061018,1365.96,11.34
20061019,1366.96,10.9
20061020,1368.6,10.63
20061023,1377.02,11.08
20061024,1377.38,10.78
20061025,1382.22,10.66
20061026,1389.08,10.56
20061027,1377.34,10.8
20061030,1377.93,11.2
20061031,1377.94,11.1
20061101,1367.81,11.51
20061102,1367.34,11.42
20061103,1364.3,11.16
20061106,1379.78,11.16
20061107,1382.84,11.09
20061108,1385.72,10.75
20061109,1378.33,11.01
20061110,1380.9,10.79
20061113,1384.42,10.86
20061114,1393.22,10.5
20061115,1396.57,10.31
20061116,1399.76,10.16
20061117,1401.2,10.05
20061120,1400.5,9.97
20061121,1402.81,9.9
20061122,1406.09,10.14
20061124,1400.95,10.73
20061127,1381.9,12.3
20061128,1386.72,11.62
20061129,1399.48,10.83
20061130,1400.63,10.91
20061201,1396.71,11.66
20061204,1409.12,11.23
20061205,1414.76,11.27
20061206,1412.9,11.33
20061207,1407.29,12.67
20061208,1409.84,12.07
20061211,1413.04,10.71
20061212,1411.56,10.65
20061213,1413.21,10.18
20061214,1425.49,9.97
20061215,1427.09,10.05
20061218,1422.48,10.6
20061219,1425.55,10.3
20061220,1423.53,10.26
20061221,1418.3,10.53
20061222,1410.76,11.36
20061226,1416.9,11.26
20061227,1426.84,10.64
20061228,1424.73,10.99
20061229,1418.3,11.56
20070103,1416.6,12.04
20070104,1418.34,11.51
20070105,1409.71,12.14
20070108,1412.84,12
20070109,1412.11,11.91
20070110,1414.85,11.47
20070111,1423.82,10.87
20070112,1430.73,10.15
20070116,1431.9,10.74
20070117,1430.62,10.59
20070118,1426.37,10.85
20070119,1430.5,10.4
20070122,1422.95,10.77
20070123,1427.99,10.34
20070124,1440.13,9.89
20070125,1423.9,11.22
20070126,1422.18,11.13
20070129,1420.62,11.45
20070130,1428.82,10.96
20070131,1438.24,10.42
20070201,1445.94,10.31
20070202,1448.39,10.08
20070205,1446.99,10.55
20070206,1448,10.65
20070207,1450.02,10.32
20070208,1448.31,10.44
20070209,1438.06,11.1
20070212,1433.37,11.61
20070213,1444.26,10.34
20070214,1455.3,10.23
20070215,1456.81,10.22
20070216,1455.54,10.02
20070220,1459.68,10.24
20070221,1457.63,10.2
20070222,1456.38,10.18
20070223,1451.19,10.58
20070226,1449.37,11.15
20070227,1399.04,18.31
20070228,1406.82,15.42
20070301,1403.17,15.82
20070302,1387.17,18.61
20070305,1374.12,19.63
20070306,1395.41,15.96
20070307,1391.97,15.24
20070308,1401.89,14.29
20070309,1402.85,14.09
20070312,1406.6,13.99
20070313,1377.95,18.13
20070314,1387.17,17.27
20070315,1392.28,16.43
20070316,1386.95,16.79
20070319,1402.06,14.59
20070320,1410.94,13.27
20070321,1435.04,12.19
20070322,1434.54,12.93
20070323,1436.11,12.95
20070326,1437.5,13.16
20070327,1428.61,13.48
20070328,1417.23,14.98
20070329,1422.53,15.14
20070330,1420.86,14.64
20070402,1424.55,14.53
20070403,1437.77,13.46
20070404,1439.37,13.24
20070405,1443.76,13.23
20070409,1444.61,13.14
20070410,1448.39,12.68
20070411,1438.87,13.49
20070412,1447.8,12.71
20070413,1452.85,12.2
20070416,1468.47,11.98
20070417,1471.48,12.14
20070418,1472.5,12.42
20070419,1470.73,12.54
20070420,1484.35,12.07
20070423,1480.93,13.04
20070424,1480.41,13.12
20070425,1495.42,13.21
20070426,1494.25,12.79
20070427,1494.07,12.45
20070430,1482.37,14.22
20070501,1486.3,13.51
20070502,1495.92,13.08
20070503,1502.39,13.09
20070504,1505.62,12.91
20070507,1509.48,13.15
20070508,1507.72,13.21
20070509,1512.58,12.88
20070510,1491.47,13.6
20070511,1505.85,12.95
20070514,1503.15,13.96
20070515,1501.19,14.01
20070516,1514.14,13.5
20070517,1512.75,13.51
20070518,1522.75,12.76
20070521,1525.1,13.3
20070522,1524.12,13.06
20070523,1522.28,13.24
20070524,1507.51,14.08
20070525,1515.73,13.34
20070529,1518.11,13.53
20070530,1530.23,12.83
20070531,1530.62,13.05
20070601,1536.34,12.78
20070604,1539.18,13.29
20070605,1530.95,13.63
20070606,1517.38,14.87
20070607,1490.72,17.06
20070608,1507.67,14.84
20070611,1509.12,14.71
20070612,1493,16.67
20070613,1515.67,14.73
20070614,1522.97,13.64
20070615,1532.91,13.94
20070618,1531.05,13.42
20070619,1533.7,12.85
20070620,1512.84,14.67
20070621,1522.19,14.21
20070622,1502.56,15.75
20070625,1497.74,16.65
20070626,1492.89,18.89
20070627,1506.34,15.53
20070628,1505.71,15.54
20070629,1503.35,16.23
20070702,1519.43,15.4
20070703,1524.87,14.92
20070705,1525.4,15.48
20070706,1530.44,14.72
20070709,1531.85,15.16
20070710,1510.12,17.57
20070711,1518.76,16.64
20070712,1547.7,15.54
20070713,1552.5,15.15
20070716,1549.52,15.59
20070717,1549.37,15.63
20070718,1546.17,16
20070719,1553.08,15.23
20070720,1534.1,16.95
20070723,1541.57,16.81
20070724,1511.04,18.55
20070725,1518.09,18.1
20070726,1482.66,20.74
20070727,1458.95,24.17
20070730,1473.91,20.87
20070731,1455.27,23.52
20070801,1465.81,23.67
20070802,1472.2,21.22
20070803,1433.06,25.16
20070806,1467.67,22.94
20070807,1476.71,21.56
20070808,1497.49,21.45
20070809,1453.09,26.48
20070810,1453.64,28.3
20070813,1452.92,26.57
20070814,1426.54,27.68
20070815,1406.7,30.67
20070816,1411.27,30.83
20070817,1445.94,29.99
20070820,1445.55,26.33
20070821,1447.12,25.25
20070822,1464.07,22.89
20070823,1462.5,22.62
20070824,1479.37,20.72
20070827,1466.79,22.72
20070828,1432.36,26.3
20070829,1463.76,23.81
20070830,1457.64,25.06
20070831,1473.99,23.38
20070904,1489.42,22.78
20070905,1472.29,24.58
20070906,1478.55,23.99
20070907,1453.55,26.23
20070910,1451.7,27.38
20070911,1471.49,25.27
20070912,1471.56,24.96
20070913,1483.95,24.76
20070914,1484.25,24.92
20070917,1476.65,26.48
20070918,1519.78,20.35
20070919,1529.03,20.03
20070920,1518.75,20.45
20070921,1525.75,19
20070924,1517.73,19.37
20070925,1517.21,18.6
20070926,1525.42,17.63
20070927,1531.38,17
20070928,1526.75,18
20071001,1547.04,17.84
20071002,1546.63,18.49
20071003,1539.59,18.8
20071004,1542.84,18.44
20071005,1557.59,16.91
20071008,1552.58,17.46
20071009,1565.15,16.12
20071010,1562.47,16.67
20071011,1554.41,18.88
20071012,1561.8,17.73
20071015,1548.71,19.25
20071016,1538.53,20.02
20071017,1541.24,18.54
20071018,1540.08,18.5
20071019,1500.63,22.96
20071022,1506.33,21.64
20071023,1519.59,20.41
20071024,1515.88,20.8
20071025,1514.4,21.17
20071026,1535.28,19.56
20071029,1540.98,19.87
20071030,1531.02,21.07
20071031,1549.38,18.53
20071101,1508.44,23.21
20071102,1509.65,23.01
20071105,1502.17,24.31
20071106,1520.27,21.39
20071107,1475.62,26.49
20071108,1474.77,26.16
20071109,1453.7,28.5
20071112,1439.18,31.09
20071113,1481.05,24.1
20071114,1470.58,25.94
20071115,1451.15,28.06
20071116,1458.74,25.49
20071119,1433.27,26.01
20071120,1439.7,24.88
20071121,1416.77,26.84
20071123,1440.7,25.61
20071126,1407.22,28.91
20071127,1428.23,26.28
20071128,1469.02,24.11
20071129,1469.72,23.97
20071130,1481.14,22.87
20071203,1472.42,23.61
20071204,1462.79,23.79
20071205,1485.01,22.53
20071206,1507.34,20.96
20071207,1504.66,20.85
20071210,1515.96,20.74
20071211,1477.65,23.59
20071212,1486.59,22.47
20071213,1488.41,22.56
20071214,1467.95,23.27
20071217,1445.9,24.52
20071218,1454.98,22.64
20071219,1453,21.68
20071220,1460.12,20.58
20071221,1484.46,18.47
20071224,1496.45,18.6
20071226,1497.66,18.66
20071227,1476.37,20.26
20071228,1478.49,20.74
20071231,1468.36,22.5
20080102,1447.16,23.17
20080103,1447.16,22.49
20080104,1411.63,23.94
20080107,1416.18,23.79
20080108,1390.19,25.43
20080109,1409.13,24.12
20080110,1420.33,23.45
20080111,1401.02,23.68
20080114,1416.25,22.9
20080115,1380.95,23.34
20080116,1373.2,24.38
20080117,1333.25,28.46
20080118,1325.19,27.18
20080122,1310.5,31.01
20080123,1338.6,29.02
20080124,1352.07,27.78
20080125,1330.61,29.08
20080128,1353.97,27.78
20080129,1362.3,27.32
20080130,1355.81,27.62
20080131,1378.55,26.2
20080201,1395.42,24.02
20080204,1380.82,25.99
20080205,1336.64,28.24
20080206,1326.45,28.97
20080207,1336.91,27.66
20080208,1331.29,28.01
20080211,1339.13,27.6
20080212,1348.86,26.33
20080213,1367.21,24.88
20080214,1348.86,25.54
20080215,1349.99,25.02
20080219,1348.78,25.59
20080220,1360.03,24.4
20080221,1342.53,25.12
20080222,1353.11,24.06
20080225,1371.8,23.03
20080226,1381.29,21.9
20080227,1380.02,22.69
20080228,1367.68,23.53
20080229,1330.63,26.54
20080303,1331.34,26.28
20080304,1326.75,25.52
20080305,1333.7,24.6
20080306,1304.34,27.55
20080307,1293.37,27.49
20080310,1273.37,29.38
20080311,1320.65,26.36
20080312,1308.77,27.22
20080313,1315.48,27.29
20080314,1288.14,31.16
20080317,1276.6,32.24
20080318,1330.74,25.79
20080319,1298.42,29.84
20080320,1329.51,26.62
20080324,1349.88,25.73
20080325,1352.99,25.72
20080326,1341.13,26.08
20080327,1325.76,25.88
20080328,1315.22,25.71
20080331,1322.7,25.61
20080401,1370.18,22.68
20080402,1367.53,23.43
20080403,1369.31,23.21
20080404,1370.4,22.45
20080407,1372.54,22.42
20080408,1365.54,22.36
20080409,1354.49,22.81
20080410,1360.55,21.98
20080411,1332.83,23.46
20080414,1328.32,23.82
20080415,1334.43,22.78
20080416,1364.71,20.53
20080417,1365.56,20.37
20080418,1390.33,20.13
20080421,1388.17,20.5
20080422,1375.94,20.87
20080423,1379.93,20.26
20080424,1388.82,20.06
20080425,1397.84,19.59
20080428,1396.37,19.64
20080429,1390.94,20.24
20080430,1385.59,20.79
20080501,1409.34,18.88
20080502,1413.9,18.18
20080505,1407.49,18.9
20080506,1418.26,18.21
20080507,1392.57,19.73
20080508,1397.68,19.4
20080509,1388.28,19.41
20080512,1403.58,17.79
20080513,1403.04,17.98
20080514,1408.66,17.66
20080515,1423.57,16.3
20080516,1425.35,16.47
20080519,1426.63,17.01
20080520,1413.4,17.58
20080521,1390.71,18.59
20080522,1394.35,18.05
20080523,1375.93,19.55
20080527,1385.35,19.64
20080528,1390.84,19.07
20080529,1398.26,18.14
20080530,1400.38,17.83
20080602,1385.67,19.83
20080603,1377.65,20.24
20080604,1377.2,20.8
20080605,1404.05,18.63
20080606,1360.68,23.56
20080609,1361.76,23.12
20080610,1358.44,23.18
20080611,1335.49,24.12
20080612,1339.87,23.33
20080613,1360.03,21.22
20080616,1360.14,20.95
20080617,1350.93,21.13
20080618,1337.81,22.24
20080619,1342.83,21.58
20080620,1317.93,22.87
20080623,1318,22.64
20080624,1314.29,22.42
20080625,1321.97,21.14
20080626,1283.15,23.93
20080627,1278.38,23.44
20080630,1280,23.95
20080701,1284.91,23.65
20080702,1261.52,25.92
20080703,1262.9,24.78
20080707,1252.31,25.78
20080708,1273.7,23.15
20080709,1244.69,25.23
20080710,1253.39,25.59
20080711,1239.49,27.49
20080714,1228.3,28.48
20080715,1214.91,28.54
20080716,1245.36,25.1
20080717,1260.32,25.01
20080718,1260.68,24.05
20080721,1260,23.05
20080722,1277,21.18
20080723,1282.19,21.31
20080724,1252.54,23.44
20080725,1257.76,22.91
20080728,1234.37,24.23
20080729,1263.2,22.03
20080730,1284.26,21.21
20080731,1267.38,22.94
20080801,1260.31,22.57
20080804,1249.01,23.49
20080805,1284.88,21.14
20080806,1289.19,20.23
20080807,1266.07,21.15
20080808,1296.32,20.66
20080811,1305.32,20.12
20080812,1289.59,21.17
20080813,1285.83,21.55
20080814,1292.93,20.34
20080815,1298.2,19.58
20080818,1278.6,20.98
20080819,1266.69,21.28
20080820,1274.54,20.42
20080821,1277.72,19.82
20080822,1292.2,18.81
20080825,1266.84,20.97
20080826,1271.51,20.49
20080827,1281.66,19.76
20080828,1300.68,19.43
20080829,1282.83,20.65
20080902,1277.58,21.99
20080903,1274.98,21.43
20080904,1236.83,24.03
20080905,1242.31,23.06
20080908,1267.79,22.64
20080909,1224.51,25.47
20080910,1232.04,24.52
20080911,1249.05,24.39
20080912,1251.7,25.66
20080915,1192.7,31.7
20080916,1213.59,30.3
20080917,1156.39,36.22
20080918,1206.51,33.1
20080919,1255.08,32.07
20080922,1207.09,33.85
20080923,1188.22,35.72
20080924,1185.87,35.19
20080925,1209.18,32.82
20080926,1213.01,34.74
20080929,1106.39,46.72
20080930,1166.36,39.39
20081001,1161.06,39.81
20081002,1114.28,45.26
20081003,1099.23,45.14
20081006,1056.89,52.05
20081007,996.23,53.68
20081008,984.94,57.53
20081009,909.92,63.92
20081010,899.22,69.95
20081013,1003.35,54.99
20081014,998.01,55.13
20081015,907.84,69.25
20081016,946.43,67.61
20081017,940.55,70.33
20081020,985.4,52.97
20081021,955.05,53.11
20081022,896.78,69.65
20081023,908.11,67.8
20081024,876.77,79.13
20081027,848.92,80.06
20081028,940.51,66.96
20081029,930.09,69.96
20081030,954.09,62.9
20081031,968.75,59.89
20081103,966.3,53.68
20081104,1005.75,47.73
20081105,952.77,54.56
20081106,904.88,63.68
20081107,930.99,56.1
20081110,919.21,59.98
20081111,898.95,61.44
20081112,852.3,66.46
20081113,911.29,59.83
20081114,873.29,66.31
20081117,850.75,69.15
20081118,859.12,67.64
20081119,806.58,74.26
20081120,752.44,80.86
20081121,800.03,72.67
20081124,851.81,64.7
20081125,857.39,60.9
20081126,887.68,54.92
20081128,896.24,55.28
20081201,816.21,68.51
20081202,848.81,62.98
20081203,870.74,60.72
20081204,845.22,63.64
20081205,876.07,59.93
20081208,909.7,58.49
20081209,888.67,58.91
20081210,899.24,55.73
20081211,873.59,55.78
20081212,879.73,54.28
20081215,868.57,56.76
20081216,913.18,52.37
20081217,904.42,49.84
20081218,885.28,47.34
20081219,887.88,44.93
20081222,871.63,44.56
20081223,863.16,45.02
20081224,868.15,44.21
20081226,872.8,43.38
20081229,869.42,43.9
20081230,890.64,41.63
20081231,903.25,40
20090102,931.8,39.19
20090105,927.45,39.08
20090106,934.7,38.56
20090107,906.65,43.39
20090108,909.73,42.56
20090109,890.35,42.82
20090112,870.26,45.84
20090113,871.79,43.27
20090114,842.62,49.14
20090115,843.74,51
20090116,850.12,46.11
20090120,805.22,56.65
20090121,840.24,46.42
20090122,827.5,47.29
20090123,831.95,47.27
20090126,836.57,45.69
20090127,845.71,42.25
20090128,874.09,39.66
20090129,845.14,42.63
20090130,825.88,44.84
20090202,825.44,45.52
20090203,838.51,43.06
20090204,832.23,43.85
20090205,845.85,43.73
20090206,868.6,43.37
20090209,869.89,43.64
20090210,827.16,46.67
20090211,833.74,44.53
20090212,835.19,41.25
20090213,826.84,42.93
20090217,789.17,48.66
20090218,788.42,48.46
20090219,778.94,47.08
20090220,770.05,49.3
20090223,743.33,52.62
20090224,773.14,45.49
20090225,764.9,44.67
20090226,752.83,44.66
20090227,735.09,46.35
20090302,700.82,52.65
20090303,696.33,50.93
20090304,712.87,47.56
20090305,682.55,50.17
20090306,683.38,49.33
20090309,676.53,49.68
20090310,719.6,44.37
20090311,721.36,43.61
20090312,750.74,41.18
20090313,756.55,42.36
20090316,753.89,43.74
20090317,778.12,40.8
20090318,794.35,40.06
20090319,784.04,43.68
20090320,768.54,45.89
20090323,822.92,43.23
20090324,806.12,42.93
20090325,813.88,42.25
20090326,832.86,40.36
20090327,815.94,41.04
20090330,787.53,45.54
20090331,797.87,44.14
20090401,811.08,42.28
20090402,834.38,42.04
20090403,842.5,39.7
20090406,835.48,40.93
20090407,815.55,40.39
20090408,825.16,38.85
20090409,856.56,36.53
20090413,858.73,37.81
20090414,841.5,37.67
20090415,852.06,36.17
20090416,865.3,35.79
20090417,869.6,33.94
20090420,832.39,39.18
20090421,850.08,37.14
20090422,843.55,38.1
20090423,851.92,37.15
20090424,866.23,36.82
20090427,857.51,38.32
20090428,855.16,37.95
20090429,873.64,36.08
20090430,872.81,36.5
20090501,877.52,35.3
20090504,907.24,34.53
20090505,903.8,33.36
20090506,919.53,32.45
20090507,907.39,33.44
20090508,929.23,32.05
20090511,909.24,32.87
20090512,908.35,31.8
20090513,883.92,33.65
20090514,893.07,31.37
20090515,882.88,33.12
20090518,909.71,30.24
20090519,908.13,28.8
20090520,903.47,29.03
20090521,888.33,31.35
20090522,887,32.63
20090526,910.33,30.62
20090527,893.06,32.36
20090528,906.83,31.67
20090529,919.14,28.92
20090601,942.87,30.04
20090602,944.74,29.63
20090603,931.76,31.02
20090604,942.46,30.18
20090605,940.09,29.62
20090608,939.14,29.77
20090609,942.43,28.27
20090610,939.15,28.46
20090611,944.89,28.11
20090612,946.21,28.15
20090615,923.72,30.81
20090616,911.97,32.68
20090617,910.71,31.54
20090618,918.37,30.03
20090619,921.23,27.99
20090622,893.04,31.17
20090623,895.1,30.58
20090624,900.94,29.05
20090625,920.26,26.36
20090626,918.9,25.93
20090629,927.23,25.35
20090630,919.32,26.35
20090701,923.33,26.22
20090702,896.42,27.95
20090706,898.72,29
20090707,881.03,30.85
20090708,879.56,31.3
20090709,882.68,29.78
20090710,879.13,29.02
20090713,901.05,26.31
20090714,905.84,25.02
20090715,932.68,25.89
20090716,940.74,25.42
20090717,940.38,24.34
20090720,951.13,24.4
20090721,954.58,23.87
20090722,954.07,23.47
20090723,976.29,23.43
20090724,979.26,23.09
20090727,982.18,24.28
20090728,979.62,25.01
20090729,975.15,25.61
20090730,986.75,25.4
20090731,987.48,25.92
20090803,1002.63,25.56
20090804,1005.65,24.89
20090805,1002.72,24.9
20090806,997.08,25.67
20090807,1010.48,24.76
20090810,1007.1,24.99
20090811,994.35,25.99
20090812,1005.81,25.45
20090813,1012.73,24.71
20090814,1004.09,24.27
20090817,979.73,27.89
20090818,989.67,26.18
20090819,996.46,26.26
20090820,1007.37,25.09
20090821,1026.13,25.01
20090824,1025.57,25.14
20090825,1028,24.92
20090826,1028.12,24.95
20090827,1030.98,24.68
20090828,1028.93,24.76
20090831,1020.62,26.01
20090901,998.04,29.15
20090902,994.75,28.9
20090903,1003.24,27.1
20090904,1016.4,25.26
20090908,1025.39,25.62
20090909,1033.37,24.32
20090910,1044.14,23.55
20090911,1042.73,24.15
20090914,1049.34,23.86
20090915,1052.63,23.42
20090916,1068.76,23.69
20090917,1065.49,23.65
20090918,1068.3,23.92
20090921,1064.66,24.06
20090922,1071.66,23.08
20090923,1060.87,23.49
20090924,1050.78,24.95
20090925,1044.38,25.61
20090928,1062.98,24.88
20090929,1060.61,25.19
20090930,1057.08,25.61
20091001,1029.85,28.27
20091002,1025.21,28.68
20091005,1040.46,26.84
20091006,1054.72,25.7
20091007,1057.58,24.68
20091008,1065.48,24.18
20091009,1071.49,23.12
20091012,1076.19,23.01
20091013,1073.19,22.99
20091014,1092.02,22.86
20091015,1096.56,21.72
20091016,1087.68,21.43
20091019,1097.91,21.49
20091020,1091.06,20.9
20091021,1081.4,22.22
20091022,1092.91,20.69
20091023,1079.6,22.27
20091026,1066.95,24.31
20091027,1063.41,24.83
20091028,1042.63,27.91
20091029,1066.11,24.76
20091030,1036.19,30.69
20091102,1042.88,29.78
20091103,1045.41,28.81
20091104,1046.5,27.72
20091105,1066.63,25.43
20091106,1069.3,24.19
20091109,1093.08,23.15
20091110,1093.01,22.84
20091111,1098.51,23.04
20091112,1087.24,24.24
20091113,1093.48,23.36
20091116,1109.3,22.89
20091117,1110.32,22.41
20091118,1109.8,21.63
20091119,1094.9,22.63
20091120,1091.38,22.19
20091123,1106.24,21.16
20091124,1105.65,20.47
20091125,1110.63,20.48
20091127,1091.49,24.74
20091130,1095.63,24.51
20091201,1108.86,21.92
20091202,1109.24,21.12
20091203,1099.92,22.46
20091204,1105.98,21.25
20091207,1103.25,22.1
20091208,1091.94,23.69
20091209,1095.95,22.66
20091210,1102.35,22.32
20091211,1106.41,21.59
20091214,1114.11,21.15
20091215,1107.93,21.49
20091216,1109.18,20.54
20091217,1096.08,22.51
20091218,1102.47,21.68
20091221,1114.05,20.49
20091222,1118.02,19.54
20091223,1120.59,19.71
20091224,1126.48,19.47
20091228,1127.78,19.93
20091229,1126.2,20.01
20091230,1126.42,19.96
20091231,1115.1,21.68
20100104,1132.99,20.04
20100105,1136.52,19.35
20100106,1137.14,19.16
20100107,1141.69,19.06
20100108,1144.98,18.13
20100111,1146.98,17.55
20100112,1136.22,18.25
20100113,1145.68,17.85
20100114,1148.46,17.63
20100115,1136.03,17.91
20100119,1150.23,17.58
20100120,1138.04,18.68
20100121,1116.48,22.27
20100122,1091.76,27.31
20100125,1096.78,25.41
20100126,1092.17,24.55
20100127,1097.5,23.14
20100128,1084.53,23.73
20100129,1073.87,24.62
20100201,1089.19,22.59
20100202,1103.32,21.48
20100203,1097.28,21.6
20100204,1063.11,26.08
20100205,1066.19,26.11
20100208,1056.74,26.51
20100209,1070.52,26
20100210,1068.13,25.4
20100211,1078.47,23.96
20100212,1075.51,22.73
20100216,1094.87,22.25
20100217,1099.51,21.72
20100218,1106.75,20.63
20100219,1109.17,20.02
20100222,1108.01,19.94
20100223,1094.6,21.37
20100224,1105.24,20.27
20100225,1102.94,20.1
20100226,1104.49,19.5
20100301,1115.71,19.26
20100302,1118.31,19.06
20100303,1118.79,18.83
20100304,1122.97,18.72
20100305,1138.7,17.42
20100308,1138.5,17.79
20100309,1140.45,17.92
20100310,1145.61,18.57
20100311,1150.24,18.06
20100312,1149.99,17.58
20100315,1150.51,18
20100316,1159.46,17.69
20100317,1166.21,16.91
20100318,1165.83,16.62
20100319,1159.9,16.97
20100322,1165.81,16.87
20100323,1174.17,16.35
20100324,1167.72,17.55
20100325,1165.73,18.4
20100326,1166.59,17.77
20100329,1173.22,17.59
20100330,1173.27,17.13
20100331,1169.43,17.59
20100401,1178.1,17.47
20100405,1187.44,17.02
20100406,1189.44,16.23
20100407,1182.45,16.62
20100408,1186.44,16.48
20100409,1194.37,16.14
20100412,1196.48,15.58
20100413,1197.3,16.2
20100414,1210.65,15.59
20100415,1211.67,15.89
20100416,1192.13,18.36
20100419,1197.52,17.34
20100420,1207.17,15.73
20100421,1205.94,16.32
20100422,1208.67,16.47
20100423,1217.28,16.62
20100426,1212.05,17.47
20100427,1183.71,22.81
20100428,1191.36,21.08
20100429,1206.78,18.44
20100430,1186.69,22.05
20100503,1202.26,20.19
20100504,1173.6,23.84
20100505,1165.9,24.91
20100506,1128.15,32.8
20100507,1110.88,40.95
20100510,1159.73,28.84
20100511,1155.79,28.32
20100512,1171.67,25.52
20100513,1157.44,26.68
20100514,1135.68,31.24
20100517,1136.94,30.84
20100518,1120.8,33.55
20100519,1115.05,35.32
20100520,1071.59,45.79
20100521,1087.69,40.1
20100524,1073.65,38.32
20100525,1074.03,34.61
20100526,1067.95,35.02
20100527,1103.06,29.68
20100528,1089.41,32.07
20100601,1070.71,35.54
20100602,1098.38,30.17
20100603,1102.83,29.46
20100604,1064.88,35.48
20100607,1050.47,36.57
20100608,1062,33.7
20100609,1055.69,33.73
20100610,1086.84,30.57
20100611,1091.6,28.79
20100614,1089.63,28.58
20100615,1115.23,25.87
20100616,1114.61,25.92
20100617,1116.04,25.05
20100618,1117.51,23.95
20100621,1113.2,24.88
20100622,1095.31,27.05
20100623,1092.04,26.91
20100624,1073.69,29.74
20100625,1076.76,28.53
20100628,1074.57,29
20100629,1041.24,34.13
20100630,1030.71,34.54
20100701,1027.37,32.86
20100702,1022.58,30.12
20100706,1028.06,29.65
20100707,1060.27,26.84
20100708,1070.25,25.71
20100709,1077.96,24.98
20100712,1078.75,24.43
20100713,1095.34,24.56
20100714,1095.17,24.89
20100715,1096.48,25.14
20100716,1064.88,26.25
20100719,1071.25,25.97
20100720,1083.48,23.93
20100721,1069.59,25.64
20100722,1093.67,24.63
20100723,1102.66,23.47
20100726,1115.01,22.73
20100727,1113.84,23.19
20100728,1106.13,24.25
20100729,1101.53,24.13
20100730,1101.6,23.5
20100802,1125.86,22.01
20100803,1120.46,22.63
20100804,1127.24,22.21
20100805,1125.81,22.1
20100806,1121.64,21.74
20100809,1127.79,22.14
20100810,1121.06,22.37
20100811,1089.47,25.39
20100812,1083.61,25.73
20100813,1079.25,26.24
20100816,1079.38,26.1
20100817,1092.54,24.33
20100818,1094.16,24.59
20100819,1075.63,26.44
20100820,1071.69,25.49
20100823,1067.36,25.66
20100824,1051.87,27.46
20100825,1055.33,26.7
20100826,1047.22,27.37
20100827,1064.59,24.45
20100830,1048.92,27.21
20100831,1049.33,26.05
20100901,1080.29,23.89
20100902,1090.1,23.19
20100903,1104.51,21.31
20100907,1091.84,23.8
20100908,1098.87,23.25
20100909,1104.18,22.81
20100910,1109.55,21.99
20100913,1121.9,21.21
20100914,1121.1,21.56
20100915,1125.07,22.1
20100916,1124.66,21.72
20100917,1125.59,22.01
20100920,1142.71,21.5
20100921,1139.78,22.35
20100922,1134.28,22.51
20100923,1124.83,23.87
20100924,1148.67,21.71
20100927,1142.16,22.54
20100928,1147.7,22.6
20100929,1144.73,23.25
20100930,1141.2,23.7
20101001,1146.24,22.5
20101004,1137.03,23.53
20101005,1160.75,21.76
20101006,1159.97,21.49
20101007,1158.06,21.56
20101008,1165.15,20.71
20101011,1165.32,18.96
20101012,1169.77,18.93
20101013,1178.1,19.07
20101014,1173.81,19.88
20101015,1176.19,19.03
20101018,1184.71,19.09
20101019,1165.9,20.63
20101020,1178.17,19.79
20101021,1180.26,19.27
20101022,1183.08,18.78
20101025,1185.62,19.85
20101026,1185.64,20.22
20101027,1182.45,20.71
20101028,1183.78,20.88
20101029,1183.26,21.2
20101101,1184.38,21.83
20101102,1193.57,21.57
20101103,1197.96,19.56
20101104,1221.06,18.52
20101105,1225.85,18.26
20101108,1223.25,18.29
20101109,1213.4,19.08
20101110,1218.71,18.47
20101111,1213.54,18.64
20101112,1199.21,20.61
20101115,1197.75,20.2
20101116,1178.34,22.58
20101117,1178.59,21.76
20101118,1196.69,18.75
20101119,1199.73,18.04
20101122,1197.84,18.37
20101123,1180.73,20.63
20101124,1198.35,19.56
20101126,1189.4,22.22
20101129,1187.76,21.53
20101130,1180.55,23.54
20101201,1206.07,21.36
20101202,1221.53,19.39
20101203,1224.71,18.01
20101206,1223.12,18.02
20101207,1223.75,17.99
20101208,1228.28,17.74
20101209,1233,17.25
20101210,1240.4,17.61
20101213,1240.46,17.55
20101214,1241.59,17.61
20101215,1235.23,17.94
20101216,1242.87,17.39
20101217,1243.91,16.11
20101220,1247.08,16.41
20101221,1254.6,16.49
20101222,1258.84,15.45
20101223,1256.77,16.47
20101227,1257.54,17.67
20101228,1258.51,17.52
20101229,1259.78,17.28
20101230,1257.88,17.52
20101231,1257.64,17.75
20110103,1271.87,17.61
20110104,1270.2,17.38
20110105,1276.56,17.02
20110106,1273.85,17.4
20110107,1271.5,17.14
20110110,1269.75,17.54
20110111,1274.48,16.89
20110112,1285.96,16.24
20110113,1283.76,16.39
20110114,1293.24,15.46
20110118,1295.02,15.87
20110119,1281.92,17.31
20110120,1280.26,17.99
20110121,1283.35,18.47
20110124,1290.84,17.65
20110125,1291.18,17.59
20110126,1296.63,16.64
20110127,1299.54,16.15
20110128,1276.34,20.04
20110131,1286.12,19.53
20110201,1307.59,17.63
20110202,1304.03,17.3
20110203,1307.1,16.69
20110204,1310.87,15.93
20110207,1319.05,16.28
20110208,1324.57,15.81
20110209,1320.88,15.87
20110210,1321.87,16.09
20110211,1329.15,15.69
20110214,1332.32,15.95
20110215,1328.01,16.37
20110216,1336.32,16.72
20110217,1340.43,16.59
20110218,1343.01,16.43
20110222,1315.44,20.8
20110223,1307.4,22.13
20110224,1306.1,21.32
20110225,1319.88,19.22
20110228,1327.22,18.35
20110301,1306.33,21.01
20110302,1308.44,20.7
20110303,1330.97,18.6
20110304,1321.15,19.06
20110307,1310.13,20.66
20110308,1321.82,19.82
20110309,1320.02,20.22
20110310,1295.11,21.88
20110311,1304.28,20.08
20110314,1296.39,21.13
20110315,1281.87,24.32
20110316,1256.88,29.4
20110317,1273.72,26.37
20110318,1279.2,24.44
20110321,1298.38,20.61
20110322,1293.77,20.21
20110323,1297.54,19.17
20110324,1309.66,18
20110325,1313.8,17.91
20110328,1310.19,19.44
20110329,1319.44,18.16
20110330,1328.26,17.71
20110331,1325.83,17.74
20110401,1332.41,17.4
20110404,1332.87,17.5
20110405,1332.63,17.25
20110406,1335.54,16.9
20110407,1333.51,17.11
20110408,1328.17,17.87
20110411,1324.46,16.59
20110412,1314.16,17.09
20110413,1314.41,16.92
20110414,1314.52,16.27
20110415,1319.68,15.32
20110418,1305.14,16.96
20110419,1312.62,15.83
20110420,1330.36,15.07
20110421,1337.38,14.69
20110425,1335.25,15.77
20110426,1347.24,15.62
20110427,1355.66,15.35
20110428,1360.48,14.62
20110429,1363.61,14.75
20110502,1361.22,15.99
20110503,1356.62,16.7
20110504,1347.32,17.08
20110505,1335.1,18.2
20110506,1340.2,18.4
20110509,1346.29,17.16
20110510,1357.16,15.91
20110511,1342.08,16.95
20110512,1348.65,16.03
20110513,1337.77,17.07
20110516,1329.47,18.24
20110517,1328.98,17.55
20110518,1340.68,16.23
20110519,1343.6,15.52
20110520,1333.27,17.43
20110523,1317.37,18.27
20110524,1316.28,17.82
20110525,1320.47,17.07
20110526,1325.69,16.09
20110527,1331.1,15.98
20110531,1345.2,15.45
20110601,1314.55,18.3
20110602,1312.94,18.09
20110603,1300.16,17.95
20110606,1286.17,18.49
20110607,1284.94,18.07
20110608,1279.56,18.79
20110609,1289,17.77
20110610,1270.98,18.86
20110613,1271.83,19.61
20110614,1287.87,18.26
20110615,1265.42,21.32
20110616,1267.64,22.73
20110617,1271.5,21.85
20110620,1278.36,19.99
20110621,1295.52,18.86
20110622,1287.14,18.52
20110623,1283.5,19.29
20110624,1268.45,21.1
20110627,1280.1,20.56
20110628,1296.67,19.17
20110629,1307.41,17.27
20110630,1320.64,16.52
20110701,1339.67,15.87
20110705,1337.88,16.06
20110706,1339.22,16.34
20110707,1353.22,15.95
20110708,1343.8,15.95
20110711,1319.49,18.39
20110712,1313.64,19.87
20110713,1317.72,19.91
20110714,1308.87,20.8
20110715,1316.14,19.53
20110718,1305.44,20.95
20110719,1326.73,19.21
20110720,1325.84,19.09
20110721,1343.8,17.56
20110722,1345.02,17.52
20110725,1337.43,19.35
20110726,1331.94,20.23
20110727,1304.89,22.98
20110728,1300.67,23.74
20110729,1292.28,25.25
20110801,1286.94,23.66
20110802,1254.05,24.79
20110803,1260.34,23.38
20110804,1200.07,31.66
20110805,1199.38,32
20110808,1119.46,48
20110809,1172.53,35.06
20110810,1120.76,42.99
20110811,1172.64,39
20110812,1178.81,36.36
20110815,1204.49,31.87
20110816,1192.76,32.85
20110817,1193.89,31.58
20110818,1140.65,42.67
20110819,1123.53,43.05
20110822,1123.82,42.44
20110823,1162.35,36.27
20110824,1177.6,35.9
20110825,1159.27,39.76
20110826,1176.8,35.59
20110829,1210.08,32.28
20110830,1212.92,32.89
20110831,1218.89,31.62
20110901,1204.42,31.82
20110902,1173.97,33.92
20110906,1165.24,37
20110907,1198.62,33.38
20110908,1185.9,34.32
20110909,1154.23,38.52
20110912,1162.27,38.59
20110913,1172.87,36.91
20110914,1188.68,34.6
20110915,1209.11,31.97
20110916,1216.01,30.98
20110919,1204.09,32.73
20110920,1202.09,32.86
20110921,1166.76,37.32
20110922,1129.56,41.35
20110923,1136.43,41.25
20110926,1162.95,39.02
20110927,1175.38,37.71
20110928,1151.06,41.08
20110929,1160.4,38.84
20110930,1131.42,42.96
20111003,1099.23,45.45
20111004,1123.95,40.82
20111005,1144.03,37.81
20111006,1164.97,36.27
20111007,1155.46,36.2
20111010,1194.89,33.02
20111011,1195.54,32.86
20111012,1207.25,31.26
20111013,1203.66,30.7
20111014,1224.58,28.24
20111017,1200.86,33.39
20111018,1225.38,31.56
20111019,1209.88,34.44
20111020,1215.39,34.78
20111021,1238.25,31.32
20111024,1254.19,29.26
20111025,1229.05,32.22
20111026,1242,29.86
20111027,1284.59,25.46
20111028,1285.09,24.53
20111031,1253.3,29.96
20111101,1218.28,34.77
20111102,1237.9,32.74
20111103,1261.15,30.5
20111104,1253.23,30.16
20111107,1261.12,29.85
20111108,1275.92,27.48
20111109,1229.1,36.16
20111110,1239.69,32.81
20111111,1263.85,30.04
20111114,1251.78,31.13
20111115,1257.81,31.22
20111116,1236.91,33.51
20111117,1216.13,34.51
20111118,1215.65,32
20111121,1192.98,32.91
20111122,1188.04,31.97
20111123,1161.79,33.98
20111125,1158.67,34.47
20111128,1192.55,32.13
20111129,1195.19,30.64
20111130,1246.96,27.8
20111201,1244.58,27.41
20111202,1244.28,27.52
20111205,1257.08,27.84
20111206,1258.47,28.13
20111207,1261.01,28.67
20111208,1234.35,30.59
20111209,1255.19,26.38
20111212,1236.47,25.67
20111213,1225.73,25.41
20111214,1211.82,26.04
20111215,1215.75,25.11
20111216,1219.66,24.29
20111219,1205.35,24.92
20111220,1241.3,23.22
20111221,1243.72,21.43
20111222,1254,21.16
20111223,1265.33,20.73
20111227,1265.43,21.91
20111228,1249.64,23.52
20111229,1263.02,22.65
20111230,1257.6,23.4
20120103,1277.06,22.97
20120104,1277.3,22.22
20120105,1281.06,21.48
20120106,1277.81,20.63
20120109,1280.7,21.07
20120110,1292.08,20.69
20120111,1292.48,21.05
20120112,1295.5,20.47
20120113,1289.09,20.91
20120117,1293.67,22.2
20120118,1308.04,20.89
20120119,1314.5,19.87
20120120,1315.38,18.28
20120123,1316,18.67
20120124,1314.65,18.91
20120125,1326.05,18.31
20120126,1318.43,18.57
20120127,1316.33,18.53
20120130,1313.01,19.4
20120131,1312.41,19.44
20120201,1324.09,18.55
20120202,1325.54,17.98
20120203,1344.9,17.1
20120206,1344.33,17.76
20120207,1347.05,17.65
20120208,1349.96,18.16
20120209,1351.95,18.63
20120210,1342.64,20.79
20120213,1351.77,19.04
20120214,1350.5,19.54
20120215,1343.23,21.14
20120216,1358.04,19.22
20120217,1361.23,17.78
20120221,1362.21,18.19
20120222,1357.66,18.19
20120223,1363.46,16.8
20120224,1365.74,17.31
20120227,1367.59,18.19
20120228,1372.18,17.96
20120229,1365.68,18.43
20120301,1374.09,17.26
20120302,1369.63,17.29
20120305,1364.33,18.05
20120306,1343.36,20.87
20120307,1352.63,19.07
20120308,1365.91,17.95
20120309,1370.87,17.11
20120312,1371.09,15.64
20120313,1395.95,14.8
20120314,1394.28,15.31
20120315,1402.6,15.42
20120316,1404.17,14.47
20120319,1409.75,15.04
20120320,1405.52,15.58
20120321,1402.89,15.13
20120322,1392.78,15.57
20120323,1397.11,14.82
20120326,1416.51,14.26
20120327,1412.52,15.59
20120328,1405.54,15.47
20120329,1403.28,15.48
20120330,1408.47,15.5
20120402,1419.04,15.64
20120403,1413.38,15.66
20120404,1398.96,16.44
20120405,1398.08,16.7
20120409,1382.2,18.81
20120410,1358.59,20.39
20120411,1368.71,20.02
20120412,1387.57,17.2
20120413,1370.26,19.55
20120416,1369.57,19.55
20120417,1390.78,18.46
20120418,1385.14,18.64
20120419,1376.92,18.36
20120420,1378.53,17.44
20120423,1366.94,18.97
20120424,1371.97,18.1
20120425,1390.69,16.82
20120426,1399.98,16.24
20120427,1403.36,16.32
20120430,1397.91,17.15
20120501,1405.82,16.6
20120502,1402.31,16.88
20120503,1391.57,17.56
20120504,1369.1,19.16
20120507,1369.58,18.94
20120508,1363.72,19.05
20120509,1354.58,20.08
20120510,1357.99,18.83
20120511,1353.39,19.89
20120514,1338.35,21.87
20120515,1330.66,21.97
20120516,1324.8,22.27
20120517,1304.86,24.49
20120518,1295.22,25.1
20120521,1315.99,22.01
20120522,1316.63,22.48
20120523,1318.86,22.33
20120524,1320.68,21.54
20120525,1317.82,21.76
20120529,1332.42,21.03
20120530,1313.32,24.14
20120531,1310.33,24.06
20120601,1278.04,26.66
20120604,1278.18,26.12
20120605,1285.5,24.68
20120606,1315.13,22.16
20120607,1314.99,21.72
20120608,1325.66,21.23
20120611,1308.93,23.56
20120612,1324.18,22.09
20120613,1314.88,24.27
20120614,1329.1,21.68
20120615,1342.84,21.11
20120618,1344.78,18.32
20120619,1357.98,18.38
20120620,1355.69,17.24
20120621,1325.51,20.08
20120622,1335.02,18.11
20120625,1313.72,20.38
20120626,1319.99,19.72
20120627,1331.85,19.45
20120628,1329.04,19.71
20120629,1362.16,17.08
20120702,1365.51,16.8
20120703,1374.02,16.66
20120705,1367.58,17.5
20120706,1354.68,17.1
20120709,1352.46,17.98
20120710,1341.47,18.72
20120711,1341.45,17.95
20120712,1334.76,18.33
20120713,1356.78,16.74
20120716,1353.64,17.11
20120717,1363.67,16.48
20120718,1372.78,16.16
20120719,1376.51,15.45
20120720,1362.66,16.27
20120723,1350.52,18.62
20120724,1338.31,20.47
20120725,1337.89,19.34
20120726,1360.02,17.53
20120727,1385.97,16.7
20120730,1385.3,18.03
20120731,1379.32,18.93
20120801,1375.14,18.96
20120802,1365,17.57
20120803,1390.99,15.64
20120806,1394.23,15.95
20120807,1401.35,15.99
20120808,1402.22,15.32
20120809,1402.8,15.28
20120810,1405.87,14.74
20120813,1404.11,13.7
20120814,1403.93,14.85
20120815,1405.53,14.63
20120816,1415.51,14.29
20120817,1418.16,13.45
20120820,1418.13,14.02
20120821,1413.17,15.02
20120822,1413.49,15.11
20120823,1402.08,15.96
20120824,1411.13,15.18
20120827,1410.44,16.35
20120828,1409.3,16.49
20120829,1410.49,17.06
20120830,1399.48,17.83
20120831,1406.58,17.47
20120904,1404.94,17.98
20120905,1403.44,17.74
20120906,1432.12,15.6
20120907,1437.92,14.38
20120910,1429.08,16.28
20120911,1433.56,16.41
20120912,1436.56,15.8
20120913,1459.99,14.05
20120914,1465.77,14.51
20120917,1461.19,14.59
20120918,1459.32,14.18
20120919,1461.05,13.88
20120920,1460.26,14.07
20120921,1460.15,13.98
20120924,1456.89,14.15
20120925,1441.59,15.43
20120926,1433.32,16.81
20120927,1447.15,14.84
20120928,1440.67,15.73
20121001,1444.49,16.32
20121002,1445.75,15.71
20121003,1450.99,15.43
20121004,1461.4,14.55
20121005,1460.93,14.33
20121008,1455.88,15.11
20121009,1441.48,16.37
20121010,1432.56,16.29
20121011,1432.84,15.59
20121012,1428.59,16.14
20121015,1440.13,15.27
20121016,1454.92,15.22
20121017,1460.91,15.07
20121018,1457.34,15.03
20121019,1433.19,17.06
20121022,1433.82,16.62
20121023,1413.11,18.83
20121024,1408.75,18.33
20121025,1412.97,18.12
20121026,1411.94,17.81
20121031,1412.16,18.6
20121101,1427.59,16.69
20121102,1414.2,17.59
20121105,1417.26,18.42
20121106,1428.39,17.58
20121107,1394.53,19.08
20121108,1377.51,18.49
20121109,1379.85,18.61
20121112,1380.03,16.68
20121113,1374.53,16.65
20121114,1355.49,17.92
20121115,1353.33,17.99
20121116,1359.88,16.41
20121119,1386.89,15.24
20121120,1387.81,15.08
20121121,1391.03,15.31
20121123,1409.15,15.14
20121126,1406.29,15.5
20121127,1398.94,15.92
20121128,1409.93,15.51
20121129,1415.95,15.06
20121130,1416.18,15.87
20121203,1409.46,16.64
20121204,1407.05,17.12
20121205,1409.28,16.46
20121206,1413.94,16.58
20121207,1418.07,15.9
20121210,1418.55,16.05
20121211,1427.84,15.57
20121212,1428.48,15.95
20121213,1419.45,16.56
20121214,1413.58,17
20121217,1430.36,16.34
20121218,1446.79,15.57
20121219,1435.81,17.36
20121220,1443.69,17.67
20121221,1430.15,17.84
20121224,1426.66,17.84
20121226,1419.83,19.48
20121227,1418.1,19.47
20121228,1402.43,22.72
20121231,1426.19,18.02
20130102,1462.42,14.68
20130103,1459.37,14.56
20130104,1466.47,13.83
20130107,1461.89,13.79
20130108,1457.15,13.62
20130109,1461.02,13.81
20130110,1472.12,13.49
20130111,1472.05,13.36
20130114,1470.68,13.52
20130115,1472.34,13.55
20130116,1472.63,13.42
20130117,1480.94,13.57
20130118,1485.98,12.46
20130122,1492.56,12.43
20130123,1494.81,12.46
20130124,1494.82,12.69
20130125,1502.96,12.89
20130128,1500.18,13.57
20130129,1507.84,13.31
20130130,1501.96,14.32
20130131,1498.11,14.28
20130201,1513.17,12.9
20130204,1495.71,14.67
20130205,1511.29,13.72
20130206,1512.12,13.41
20130207,1509.39,13.5
20130208,1517.93,13.02
20130211,1517.01,12.94
20130212,1519.43,12.64
20130213,1520.33,12.98
20130214,1521.38,12.66
20130215,1519.79,12.46
20130219,1530.94,12.31
20130220,1511.95,14.68
20130221,1502.42,15.22
20130222,1515.6,14.17
20130225,1487.85,18.99
20130226,1496.94,16.87
20130227,1515.99,14.73
20130228,1514.68,15.51
20130301,1518.2,15.36
20130304,1525.2,14.01
20130305,1539.79,13.48
20130306,1541.46,13.53
20130307,1544.26,13.06
20130308,1551.18,12.59
20130311,1556.22,11.56
20130312,1552.48,12.27
20130313,1554.52,11.83
20130314,1563.23,11.3
20130315,1560.7,11.3
20130318,1552.1,13.36
20130319,1548.34,14.39
20130320,1558.71,12.67
20130321,1545.8,13.99
20130322,1556.89,13.57
20130325,1551.69,13.74
20130326,1563.77,12.77
20130327,1562.85,13.15
20130328,1569.19,12.7
20130401,1562.17,13.58
20130402,1570.25,12.78
20130403,1553.69,14.21
20130404,1559.98,13.89
20130405,1553.28,13.92
20130408,1563.07,13.19
20130409,1568.61,12.84
20130410,1587.73,12.36
20130411,1593.37,12.24
20130412,1588.85,12.06
20130415,1552.36,17.27
20130416,1574.57,13.96
20130417,1552.01,16.51
20130418,1541.61,17.56
20130419,1555.25,14.97
20130422,1562.5,14.39
20130423,1578.78,13.48
20130424,1578.79,13.61
20130425,1585.16,13.62
20130426,1582.24,13.61
20130429,1593.61,13.71
20130430,1597.57,13.52
20130501,1582.7,14.49
20130502,1597.59,13.59
20130503,1614.42,12.85
20130506,1617.5,12.66
20130507,1625.96,12.83
20130508,1632.69,12.66
20130509,1626.67,13.13
20130510,1633.7,12.59
20130513,1633.77,12.55
20130514,1650.34,12.77
20130515,1658.78,12.81
20130516,1650.47,13.07
20130517,1667.47,12.45
20130520,1666.29,13.02
20130521,1669.16,13.37
20130522,1655.35,13.82
20130523,1650.51,14.07
20130524,1649.6,13.99
20130528,1660.06,14.48
20130529,1648.36,14.83
20130530,1654.41,14.53
20130531,1630.74,16.3
20130603,1640.42,16.28
20130604,1631.38,16.27
20130605,1608.9,17.5
20130606,1622.56,16.63
20130607,1643.38,15.14
20130610,1642.81,15.44
20130611,1626.13,17.07
20130612,1612.52,18.59
20130613,1636.36,16.41
20130614,1626.73,17.15
20130617,1639.04,16.8
20130618,1651.81,16.61
20130619,1628.93,16.64
20130620,1588.19,20.49
20130621,1592.43,18.9
20130624,1573.09,20.11
20130625,1588.03,18.47
20130626,1603.26,17.21
20130627,1613.2,16.86
20130628,1606.28,16.86
20130701,1614.96,16.37
20130702,1614.08,16.44
20130703,1615.41,16.2
20130705,1631.89,14.89
20130708,1640.46,14.78
20130709,1652.32,14.35
20130710,1652.62,14.21
20130711,1675.02,14.01
20130712,1680.19,13.84
20130715,1682.5,13.79
20130716,1676.26,14.42
20130717,1680.91,13.78
20130718,1689.37,13.77
20130719,1692.09,12.54
20130722,1695.53,12.29
20130723,1692.39,12.66
20130724,1685.94,13.18
20130725,1690.25,12.97
20130726,1691.65,12.72
20130729,1685.33,13.39
20130730,1685.96,13.39
20130731,1685.73,13.45
20130801,1706.87,12.94
20130802,1709.67,11.98
20130805,1707.14,11.84
20130806,1697.37,12.72
20130807,1690.91,12.98
20130808,1697.48,12.73
20130809,1691.42,13.41
20130812,1689.47,12.81
20130813,1694.16,12.31
20130814,1685.39,13.04
20130815,1661.32,14.73
20130816,1655.83,14.37
20130819,1646.06,15.1
20130820,1652.35,14.91
20130821,1642.8,15.94
20130822,1656.96,14.76
20130823,1663.5,13.98
20130826,1656.78,14.99
20130827,1630.48,16.77
20130828,1634.96,16.49
20130829,1638.17,16.81
20130830,1632.97,17.01
20130903,1639.77,16.61
20130904,1653.08,15.88
20130905,1655.08,15.77
20130906,1655.17,15.85
20130909,1671.71,15.63
20130910,1683.99,14.53
20130911,1689.13,13.82
20130912,1683.42,14.29
20130913,1687.99,14.16
20130916,1697.6,14.38
20130917,1704.76,14.53
20130918,1725.52,13.59
20130919,1722.34,13.16
20130920,1709.91,13.12
20130923,1701.84,14.31
20130924,1697.42,14.08
20130925,1692.77,14.01
20130926,1698.67,14.06
20130927,1691.75,15.46
20130930,1681.55,16.6
20131001,1695,15.54
20131002,1693.87,16.6
20131003,1678.66,17.67
20131004,1690.5,16.74
20131007,1676.12,19.41
20131008,1655.45,20.34
20131009,1656.4,19.6
20131010,1692.56,16.48
20131011,1703.2,15.72
20131014,1710.14,16.07
20131015,1698.06,18.66
20131016,1721.54,14.71
20131017,1733.15,13.48
20131018,1744.5,13.04
20131021,1744.66,13.16
20131022,1754.67,13.33
20131023,1746.38,13.42
20131024,1752.07,13.2
20131025,1759.77,13.09
20131028,1762.11,13.31
20131029,1771.95,13.41
20131030,1763.31,13.65
20131031,1756.54,13.75
20131101,1761.64,13.28
20131104,1767.93,12.93
20131105,1762.97,13.27
20131106,1770.49,12.67
20131107,1747.15,13.91
20131108,1770.61,12.9
20131111,1771.89,12.53
20131112,1767.69,12.82
20131113,1782,12.52
20131114,1790.62,12.37
20131115,1798.18,12.19
20131118,1791.53,13.1
20131119,1787.87,13.39
20131120,1781.37,13.4
20131121,1795.85,12.66
20131122,1804.76,12.26
20131125,1802.48,12.79
20131126,1802.75,12.81
20131127,1807.23,12.98
20131129,1805.81,13.7
20131202,1800.9,14.23
20131203,1795.15,14.55
20131204,1792.81,14.7
20131205,1785.03,15.08
20131206,1805.09,13.79
20131209,1808.37,13.49
20131210,1802.62,13.91
20131211,1782.22,15.42
20131212,1775.5,15.54
20131213,1775.32,15.76
20131216,1786.54,16.03
20131217,1781,16.21
20131218,1810.65,13.8
20131219,1809.6,14.15
20131220,1818.32,13.79
20131223,1827.99,13.04
20131224,1833.32,12.48
20131226,1842.02,12.33
20131227,1841.4,12.46
20131230,1841.07,13.56
20131231,1848.36,13.72
20140102,1831.98,14.23
20140103,1831.37,13.76
20140106,1826.77,13.55
20140107,1837.88,12.92
20140108,1837.49,12.87
20140109,1838.13,12.89
20140110,1842.37,12.14
20140113,1819.2,13.28
20140114,1838.88,12.28
20140115,1848.38,12.28
20140116,1845.89,12.53
20140117,1838.7,12.44
20140121,1843.8,12.87
20140122,1844.86,12.84
20140123,1828.46,13.77
20140124,1790.29,18.14
20140127,1781.56,17.42
20140128,1792.5,15.8
20140129,1774.2,17.35
20140130,1794.19,17.29
20140131,1782.59,18.41
20140203,1741.89,21.44
20140204,1755.2,19.11
20140205,1751.64,19.95
20140206,1773.43,17.23
20140207,1797.02,15.29
20140210,1799.84,15.26
20140211,1819.75,14.51
20140212,1819.26,14.3
20140213,1829.83,14.14
20140214,1838.63,13.57
20140218,1840.76,13.87
20140219,1828.75,15.5
20140220,1839.78,14.79
20140221,1836.25,14.68
20140224,1847.61,14.23
20140225,1845.12,13.67
20140226,1845.16,14.35
20140227,1854.29,14.04
20140228,1859.45,14
20140303,1845.73,16
20140304,1873.91,14.1
20140305,1873.81,13.89
20140306,1877.03,14.21
20140307,1878.04,14.11
20140310,1877.17,14.2
20140311,1867.63,14.8
20140312,1868.2,14.47
20140313,1846.34,16.22
20140314,1841.13,17.82
20140317,1858.83,15.64
20140318,1872.25,14.52
20140319,1860.77,15.12
20140320,1872.01,14.52
20140321,1866.52,15
20140324,1857.44,15.09
20140325,1865.62,14.02
20140326,1852.56,14.93
20140327,1849.04,14.62
20140328,1857.62,14.41
20140331,1872.34,13.88
20140401,1885.52,13.1
20140402,1890.9,13.09
20140403,1888.77,13.37
20140404,1865.09,13.96
20140407,1845.04,15.57
20140408,1851.96,14.89
20140409,1872.18,13.82
20140410,1833.08,15.89
20140411,1815.69,17.03
20140414,1830.61,16.11
20140415,1842.98,15.61
20140416,1862.31,14.18
20140417,1864.85,13.36
20140421,1871.89,13.25
20140422,1879.55,13.19
20140423,1875.39,13.27
20140424,1878.61,13.32
20140425,1863.4,14.06
20140428,1869.43,13.97
20140429,1878.33,13.71
20140430,1883.95,13.41
20140501,1883.68,13.25
20140502,1881.14,12.91
20140505,1884.66,13.29
20140506,1867.72,13.8
20140507,1878.21,13.4
20140508,1875.63,13.43
20140509,1878.48,12.92
20140512,1896.65,12.23
20140513,1897.45,12.13
20140514,1888.53,12.17
20140515,1870.85,13.17
20140516,1877.86,12.44
20140519,1885.08,12.42
20140520,1872.83,12.96
20140521,1888.03,11.91
20140522,1892.49,12.03
20140523,1900.53,11.36
20140527,1911.91,11.51
20140528,1909.78,11.68
20140529,1920.03,11.57
20140530,1923.57,11.4
20140602,1924.97,11.58
20140603,1924.24,11.87
20140604,1927.88,12.08
20140605,1940.46,11.68
20140606,1949.44,10.73
20140609,1951.27,11.15
20140610,1950.79,10.99
20140611,1943.89,11.6
20140612,1930.11,12.56
20140613,1936.16,12.18
20140616,1937.78,12.65
20140617,1941.99,12.06
20140618,1956.98,10.61
20140619,1959.48,10.62
20140620,1962.87,10.85
20140623,1962.61,10.98
20140624,1949.98,12.13
20140625,1959.53,11.59
20140626,1957.22,11.63
20140627,1960.96,11.26
20140630,1960.23,11.57
20140701,1973.32,11.15
20140702,1974.62,10.82
20140703,1985.44,10.32
20140707,1977.65,11.33
20140708,1963.71,11.98
20140709,1972.83,11.65
20140710,1964.68,12.59
20140711,1967.57,12.08
20140714,1977.1,11.82
20140715,1973.28,11.96
20140716,1981.57,11
20140717,1958.12,14.54
20140718,1978.22,12.06
20140721,1973.63,12.81
20140722,1983.53,12.24
20140723,1987.01,11.52
20140724,1987.98,11.84
20140725,1978.34,12.69
20140728,1978.91,12.56
20140729,1969.95,13.28
20140730,1970.07,13.33
20140731,1930.67,16.95
20140801,1925.15,17.03
20140804,1938.99,15.12
20140805,1920.21,16.87
20140806,1920.24,16.37
20140807,1909.57,16.66
20140808,1931.59,15.77
20140811,1936.92,14.23
20140812,1933.75,14.13
20140813,1946.72,12.9
20140814,1955.18,12.42
20140815,1955.06,13.15
20140818,1971.74,12.32
20140819,1981.6,12.21
20140820,1986.51,11.78
20140821,1992.37,11.76
20140822,1988.4,11.47
20140825,1997.92,11.7
20140826,2000.02,11.63
20140827,2000.12,11.78
20140828,1996.74,12.05
20140829,2003.37,11.98
20140902,2002.28,12.25
20140903,2000.72,12.36
20140904,1997.65,12.64
20140905,2007.71,12.09
20140908,2001.54,12.66
20140909,1988.44,13.5
20140910,1995.69,12.88
20140911,1997.45,12.8
20140912,1985.54,13.31
20140915,1984.13,14.12
20140916,1998.98,12.73
20140917,2001.57,12.65
20140918,2011.36,12.03
20140919,2010.4,12.11
20140922,1994.29,13.69
20140923,1982.77,14.93
20140924,1998.3,13.27
20140925,1965.99,15.64
20140926,1982.85,14.85
20140929,1977.8,15.98
20140930,1972.29,16.31
20141001,1946.16,16.71
20141002,1946.17,16.16
20141003,1967.9,14.55
20141006,1964.82,15.46
20141007,1935.1,17.2
20141008,1968.89,15.11
20141009,1928.21,18.76
20141010,1906.13,21.24
20141013,1874.74,24.64
20141014,1877.7,22.79
20141015,1862.49,26.25
20141016,1862.76,25.2
20141017,1886.76,21.99
20141020,1904.01,18.57
20141021,1941.28,16.08
20141022,1927.11,17.87
20141023,1950.82,16.53
20141024,1964.58,16.11
20141027,1961.63,16.04
20141028,1985.05,14.39
20141029,1982.3,15.15
20141030,1994.65,14.52
20141031,2018.05,14.03
20141103,2017.81,14.73
20141104,2012.1,14.89
20141105,2023.57,14.17
20141106,2031.21,13.67
20141107,2031.92,13.12
20141110,2038.26,12.67
20141111,2039.68,12.92
20141112,2038.25,13.02
20141113,2039.33,13.79
20141114,2039.82,13.31
20141117,2041.32,13.99
20141118,2051.8,13.86
20141119,2048.72,13.96
20141120,2052.75,13.58
20141121,2063.5,12.9
20141124,2069.41,12.62
20141125,2067.03,12.25
20141126,2072.83,12.07
20141128,2067.56,13.33
20141201,2053.44,14.29
20141202,2066.55,12.85
20141203,2074.33,12.47
20141204,2071.92,12.38
20141205,2075.37,11.82
20141208,2060.31,14.21
20141209,2059.82,14.89
20141210,2026.14,18.53
20141211,2035.33,20.08
20141212,2002.33,21.08
20141215,1989.63,20.42
20141216,1972.74,23.57
20141217,2012.89,19.44
20141218,2061.23,16.81
20141219,2070.65,16.49
20141222,2078.54,15.25
20141223,2082.17,14.8
20141224,2081.88,14.37
20141226,2088.77,14.5
20141229,2090.57,15.06
20141230,2080.35,15.92
20141231,2058.9,19.2
20150102,2058.2,17.79
20150105,2020.58,19.92
20150106,2002.61,21.12
20150107,2025.9,19.31
20150108,2062.14,17.01
20150109,2044.81,17.55
20150112,2028.26,19.6
20150113,2023.03,20.56
20150114,2011.27,21.48
20150115,1992.67,22.39
20150116,2019.42,20.95
20150120,2022.55,19.89
20150121,2032.12,18.85
20150122,2063.15,16.4
20150123,2051.82,16.66
20150126,2057.09,15.52
20150127,2029.55,17.22
20150128,2002.16,20.44
20150129,2021.25,18.76
20150130,1994.99,20.97
20150202,2020.85,19.43
20150203,2050.03,17.33
20150204,2041.51,18.33
20150205,2062.52,16.85
20150206,2055.47,17.29
20150209,2046.74,18.55
20150210,2068.59,17.23
20150211,2068.53,16.96
20150212,2088.48,15.34
20150213,2096.99,14.69
20150217,2100.34,15.8
20150218,2099.68,15.45
20150219,2097.45,15.29
20150220,2110.3,14.3
20150223,2109.66,14.56
20150224,2115.48,13.69
20150225,2113.86,13.84
20150226,2110.74,13.91
20150227,2104.5,13.34
20150302,2117.39,13.04
20150303,2107.78,13.86
20150304,2098.53,14.23
20150305,2101.04,14.04
20150306,2071.26,15.2
20150309,2079.43,15.06
20150310,2044.16,16.69
20150311,2040.24,16.87
20150312,2065.95,15.42
20150313,2053.4,16
20150316,2081.19,15.61
20150317,2074.28,15.66
20150318,2099.5,13.97
20150319,2089.27,14.07
20150320,2108.1,13.02
20150323,2104.42,13.41
20150324,2091.5,13.62
20150325,2061.05,15.44
20150326,2056.15,15.8
20150327,2061.02,15.07
20150330,2086.24,14.51
20150331,2067.89,15.29
20150401,2059.69,15.11
20150402,2066.96,14.67
20150406,2080.62,14.74
20150407,2076.33,14.78
20150408,2081.9,13.98
20150409,2091.18,13.09
20150410,2102.06,12.58
20150413,2092.43,13.94
20150414,2095.84,13.67
20150415,2106.63,12.84
20150416,2104.99,12.6
20150417,2081.18,13.89
20150420,2100.4,13.3
20150421,2097.29,13.25
20150422,2107.96,12.71
20150423,2112.93,12.48
20150424,2117.69,12.29
20150427,2108.92,13.12
20150428,2114.76,12.41
20150429,2106.85,13.39
20150430,2085.51,14.55
20150501,2108.29,12.7
20150504,2114.49,12.85
20150505,2089.46,14.31
20150506,2080.15,15.15
20150507,2088,15.13
20150508,2116.1,12.86
20150511,2105.33,13.85
20150512,2099.12,13.86
20150513,2098.48,13.76
20150514,2121.1,12.74
20150515,2122.73,12.38
20150518,2129.2,12.73
20150519,2127.83,12.85
20150520,2125.85,12.88
20150521,2130.82,12.11
20150522,2126.06,12.13
20150526,2104.2,14.06
20150527,2123.48,13.27
20150528,2120.79,13.31
20150529,2107.39,13.84
20150601,2111.73,13.97
20150602,2109.6,14.24
20150603,2114.07,13.66
20150604,2095.84,14.71
20150605,2092.83,14.21
20150608,2079.28,15.29
20150609,2080.15,14.47
20150610,2105.2,13.22
20150611,2108.86,12.85
20150612,2094.11,13.78
20150615,2084.43,15.39
20150616,2096.29,14.81
20150617,2100.44,14.5
20150618,2121.24,13.19
20150619,2109.99,13.96
20150622,2122.85,12.74
20150623,2124.2,12.11
20150624,2108.58,13.26
20150625,2102.31,14.01
20150626,2101.49,14.02
20150629,2057.64,18.85
20150630,2063.11,18.23
20150701,2077.42,16.09
20150702,2076.78,16.79
20150706,2068.76,17.01
20150707,2081.34,16.09
20150708,2046.68,19.66
20150709,2051.31,19.97
20150710,2076.62,16.83
20150713,2099.6,13.9
20150714,2108.95,13.37
20150715,2107.4,13.23
20150716,2124.29,12.11
20150717,2126.64,11.95
20150720,2128.28,12.25
20150721,2119.21,12.22
20150722,2114.15,12.12
20150723,2102.15,12.64
20150724,2079.65,13.74
20150727,2067.64,15.6
20150728,2093.25,13.44
20150729,2108.57,12.5
20150730,2108.63,12.13
20150731,2103.84,12.12
20150803,2098.04,12.56
20150804,2093.32,13
20150805,2099.84,12.51
20150806,2083.56,13.77
20150807,2077.57,13.39
20150810,2104.18,12.23
20150811,2084.07,13.71
20150812,2086.05,13.61
20150813,2083.39,13.49
20150814,2091.54,12.83
20150817,2102.44,13.02
20150818,2096.92,13.79
20150819,2079.61,15.25
20150820,2035.73,19.14
20150821,1970.89,28.03
20150824,1893.21,40.74
20150825,1867.61,36.02
20150826,1940.51,30.32
20150827,1987.66,26.1
20150828,1988.87,26.05
20150831,1972.18,28.43
20150901,1913.85,31.4
20150902,1948.86,26.09
20150903,1951.13,25.61
20150904,1921.22,27.8
20150908,1969.41,24.9
20150909,1942.04,26.23
20150910,1952.29,24.37
20150911,1961.05,23.2
20150914,1953.03,24.25
20150915,1978.09,22.54
20150916,1995.31,21.35
20150917,1990.2,21.14
20150918,1958.03,22.28
20150921,1966.97,20.14
20150922,1942.74,22.44
20150923,1938.76,22.13
20150924,1932.24,23.47
20150925,1931.34,23.62
20150928,1881.77,27.63
20150929,1884.09,26.83
20150930,1920.03,24.5
20151001,1923.82,22.55
20151002,1951.36,20.94
20151005,1987.05,19.54
20151006,1979.92,19.4
20151007,1995.83,18.4
20151008,2013.43,17.42
20151009,2014.89,17.08
20151012,2017.46,16.17
20151013,2003.69,17.67
20151014,1994.24,18.03
20151015,2023.86,16.05
20151016,2033.11,15.05
20151019,2033.66,14.98
20151020,2030.77,15.75
20151021,2018.94,16.7
20151022,2052.51,14.45
20151023,2075.15,14.46
20151026,2071.18,15.29
20151027,2065.89,15.43
20151028,2090.35,14.33
20151029,2089.41,14.61
20151030,2079.36,15.07
20151102,2104.05,14.15
20151103,2109.79,14.54
20151104,2102.31,15.51
20151105,2099.93,15.05
20151106,2099.2,14.33
20151109,2078.58,16.52
20151110,2081.72,15.29
20151111,2075,16.06
20151112,2045.97,18.37
20151113,2023.04,20.08
20151116,2053.19,18.16
20151117,2050.44,18.84
20151118,2083.58,16.85
20151119,2081.24,16.99
20151120,2089.17,15.47
20151123,2086.59,15.62
20151124,2089.14,15.93
20151125,2088.87,15.19
20151127,2090.11,15.12
20151130,2080.41,16.13
20151201,2102.63,14.67
20151202,2079.51,15.91
20151203,2049.62,18.11
20151204,2091.69,14.81
20151207,2077.07,15.84
20151208,2063.59,17.6
20151209,2047.62,19.61
20151210,2052.23,19.34
20151211,2012.37,24.39
20151214,2021.94,22.73
20151215,2043.41,20.95
20151216,2073.07,17.86
20151217,2041.89,18.94
20151218,2005.55,20.7
20151221,2021.15,18.7
20151222,2038.97,16.6
20151223,2064.29,15.57
20151224,2060.99,15.74
20151228,2056.5,16.91
20151229,2078.36,16.08
20151230,2063.36,17.29
20151231,2043.94,18.21
20160104,2012.66,20.7
20160105,2016.71,19.34
20160106,1990.26,20.59
20160107,1943.09,24.99
20160108,1922.03,27.01
20160111,1923.67,24.3
20160112,1938.68,22.47
20160113,1890.28,25.22
20160114,1921.84,23.95
20160115,1880.33,27.02
20160119,1881.33,26.05
20160120,1859.33,27.59
20160121,1868.99,26.69
20160122,1906.9,22.34
20160125,1877.08,24.15
20160126,1903.63,22.5
20160127,1882.95,23.11
20160128,1893.36,22.42
20160129,1940.24,20.2
20160201,1939.38,19.98
20160202,1903.03,21.98
20160203,1912.53,21.65
20160204,1915.45,21.84
20160205,1880.05,23.38
20160208,1853.44,26
20160209,1852.21,26.54
20160210,1851.86,26.29
20160211,1829.08,28.14
20160212,1864.78,25.4
20160216,1895.58,24.11
20160217,1926.82,22.31
20160218,1917.83,21.64
20160219,1917.78,20.53
20160222,1945.5,19.38
20160223,1921.27,20.98
20160224,1929.8,20.72
20160225,1951.7,19.11
20160226,1948.05,19.81
20160229,1932.23,20.55
20160301,1978.35,17.7
20160302,1986.45,17.09
20160303,1993.4,16.7
20160304,1999.99,16.86
20160307,2001.76,17.35
20160308,1979.26,18.67
20160309,1989.26,18.34
20160310,1989.57,18.05
20160311,2022.19,16.5
20160314,2019.64,16.92
20160315,2015.93,16.84
20160316,2027.22,14.99
20160317,2040.59,14.44
20160318,2049.58,14.02
20160321,2051.6,13.79
20160322,2049.8,14.17
20160323,2036.71,14.94
20160324,2035.94,14.74
20160328,2037.05,15.24
20160329,2055.01,13.82
20160330,2063.95,13.56
20160331,2059.74,13.95
20160401,2072.78,13.1
20160404,2066.13,14.12
20160405,2045.17,15.42
20160406,2066.66,14.09
20160407,2041.91,16.16
20160408,2047.6,15.36
20160411,2041.99,16.26
20160412,2061.72,14.85
20160413,2082.42,13.84
20160414,2082.78,13.72
20160415,2080.73,13.62
20160418,2094.34,13.35
20160419,2100.8,13.24
20160420,2102.4,13.28
20160421,2091.48,13.95
20160422,2091.58,13.22
20160425,2087.79,14.08
20160426,2091.7,13.96
20160427,2095.15,13.77
20160428,2075.81,15.22
20160429,2065.3,15.7
20160502,2081.43,14.68
20160503,2063.37,15.6
20160504,2051.12,16.05
20160505,2050.63,15.91
20160506,2057.14,14.72
20160509,2058.69,14.57
20160510,2084.39,13.63
20160511,2064.46,14.69
20160512,2064.11,14.41
20160513,2046.61,15.04
20160516,2066.66,14.68
20160517,2047.21,15.57
20160518,2047.63,15.95
20160519,2040.04,16.33
20160520,2052.32,15.2
20160523,2048.04,15.82
20160524,2076.06,14.42
20160525,2090.54,13.9
20160526,2090.1,13.43
20160527,2099.06,13.12
20160531,2096.96,14.19
20160601,2099.33,14.2
20160602,2105.26,13.63
20160603,2099.13,13.47
20160606,2109.41,13.65
20160607,2112.13,14.05
20160608,2119.12,14.08
20160609,2115.48,14.64
20160610,2096.07,17.03
20160613,2079.06,20.97
20160614,2075.32,20.5
20160615,2071.5,20.14
20160616,2077.99,19.37
20160617,2071.22,19.41
20160620,2083.25,18.37
20160621,2088.9,18.48
20160622,2085.45,21.17
20160623,2113.32,17.25
20160624,2037.41,25.76
20160627,2000.54,23.85
20160628,2036.09,18.75
20160629,2070.77,16.64
20160630,2098.86,15.63
20160701,2102.95,14.77
20160705,2088.55,15.58
20160706,2099.73,14.96
20160707,2097.9,14.76
20160708,2129.9,13.2
20160711,2137.16,13.54
20160712,2152.14,13.55
20160713,2152.43,13.04
20160714,2163.75,12.82
20160715,2161.74,12.67
20160718,2166.89,12.44
20160719,2163.78,11.97
20160720,2173.02,11.77
20160721,2165.17,12.74
20160722,2175.03,12.02
20160725,2168.48,12.87
20160726,2169.18,13.05
20160727,2166.58,12.83
20160728,2170.06,12.72
20160729,2173.6,11.87
20160801,2170.84,12.44
20160802,2157.03,13.37
20160803,2163.79,12.86
20160804,2164.25,12.42
20160805,2182.87,11.39
20160808,2180.89,11.5
20160809,2181.74,11.66
20160810,2175.49,12.05
20160811,2185.79,11.68
20160812,2184.05,11.55
20160815,2190.15,11.81
20160816,2178.15,12.64
20160817,2182.22,12.19
20160818,2187.02,11.43
20160819,2183.87,11.34
20160822,2182.64,12.27
20160823,2186.9,12.38
20160824,2175.44,13.45
20160825,2172.47,13.63
20160826,2169.04,13.65
20160829,2180.38,12.94
20160830,2176.12,13.12
20160831,2170.95,13.42
20160901,2170.86,13.48
20160902,2179.98,11.98
20160906,2186.48,12.02
20160907,2186.16,11.94
20160908,2181.3,12.51
20160909,2127.81,17.5
20160912,2159.04,15.16
20160913,2127.02,17.85
20160914,2125.77,18.14
20160915,2147.26,16.3
20160916,2139.16,15.37
20160919,2139.12,15.53
20160920,2139.76,15.92
20160921,2163.12,13.3
20160922,2177.18,12.02
20160923,2164.69,12.29
20160926,2146.1,14.5
20160927,2159.93,13.1
20160928,2171.37,12.39
20160929,2151.13,14.02
20160930,2168.27,13.29
20161003,2161.2,13.57
20161004,2150.49,13.63
20161005,2159.73,12.99
20161006,2160.77,12.84
20161007,2153.74,13.48
20161010,2163.66,13.38
20161011,2136.73,15.36
20161012,2139.18,15.91
20161013,2132.55,16.69
20161014,2132.98,16.12
20161017,2126.5,16.21
20161018,2139.6,15.28
20161019,2144.29,14.41
20161020,2141.34,13.75
20161021,2141.16,13.34
20161024,2151.33,13.02
20161025,2143.16,13.46
20161026,2139.43,14.24
20161027,2133.04,15.36
20161028,2126.41,16.19
20161031,2126.15,17.06
20161101,2111.72,18.56
20161102,2097.94,19.32
20161103,2088.66,22.08
20161104,2085.18,22.51
20161107,2131.52,18.71
20161108,2139.56,18.74
20161109,2163.26,14.38
20161110,2167.48,14.74
20161111,2164.45,14.17
20161114,2164.2,14.48
20161115,2180.39,13.37
20161116,2176.94,13.72
20161117,2187.12,13.35
20161118,2181.9,12.85
20161121,2198.18,12.42
20161122,2202.94,12.41
20161123,2204.72,12.43
20161125,2213.35,12.34
20161128,2201.72,13.15
20161129,2204.66,12.9
20161130,2198.81,13.33
20161201,2191.08,14.07
20161202,2191.95,14.12
20161205,2204.71,12.14
20161206,2212.23,11.79
20161207,2241.35,12.22
20161208,2246.19,12.64
20161209,2259.53,11.75
20161212,2256.96,12.64
20161213,2271.72,12.72
20161214,2253.28,13.19
20161215,2262.03,12.79
20161216,2258.07,12.2
20161219,2262.53,11.71
20161220,2270.76,11.45
20161221,2265.18,11.27
20161222,2260.96,11.43
20161223,2263.79,11.44
20161227,2268.88,11.99
20161228,2249.92,12.95
20161229,2249.26,13.37
20161230,2238.83,14.04
