Date,Price,Dividend,Earnings,PE
1881.01,158.6966993,6.793962088,12.45474257,18.4739523
1881.02,156.6017848,6.85291441,12.22610693,18.14725816
1881.03,158.3784664,6.979820232,12.11950604,18.27011914
1881.04,156.3087666,7.036407501,11.89404168,17.95010828
1881.05,164.9775691,7.233631877,11.90884237,18.86971869
1881.06,167.0080623,7.360537699,11.80224148,19.02871073
1881.07,159.5756701,7.413357903,11.57991635,18.11636719
1881.08,152.7801786,7.392589286,11.25398509,17.28624355
1881.09,148.2548428,7.234836328,10.73365062,16.72483665
1881.1,144.5317223,7.285338846,10.53554002,16.26198941
1881.11,146.8315963,7.472044076,10.53676819,16.47864232
1881.12,142.5618568,7.59064795,10.43714093,15.95875421
1882.01,140.4269871,7.59064795,10.41816431,15.67876416
1882.02,136.0713288,7.520349777,10.30052908,15.15386153
1882.03,135.8363178,7.520349777,10.28172821,15.0916703
1882.04,134.58986,7.451341732,10.16875292,14.91699717
1882.05,131.7519292,7.383645769,10.05560258,14.5671032
1882.06,129.8787498,7.317112664,9.946700028,14.32740489
1882.07,138.4433582,7.383645769,10.01868435,15.24055976
1882.08,141.3117383,7.317112664,9.907827867,15.52542933
1882.09,146.6468206,7.520349777,10.16422275,16.08110662
1882.1,143.9851033,7.59064795,10.2402585,15.75558103
1882.11,139.1181403,7.662272789,10.31533474,15.19267031
1882.12,141.1673907,7.73519949,10.39417431,15.38212833
1883.01,140.4422157,7.754537489,10.33374307,15.27025912
1883.02,136.005342,7.702978613,10.17645605,14.75759015
1883.03,138.9918658,7.795630736,10.21288058,15.05125412
1883.04,143.2571964,7.890128042,10.25008901,15.48206722
1883.05,142.1841339,7.988924821,10.28802009,15.33549764
1883.06,147.7183773,8.248878456,10.53318326,15.90338839
1883.07,148.4027335,8.437977414,10.68344286,15.94878313
1883.08,141.6689271,8.461286744,10.61869472,15.19681088
1883.09,144.699718,8.569467927,10.66277307,15.49469243
1883.1,140.7747708,8.590400978,10.59735728,15.04805627
1883.11,144.3553218,8.703621233,10.64157821,15.40821814
1883.12,139.7281183,8.634883713,10.46652571,14.89640394
1884.01,135.541508,8.590400978,10.27027836,14.43282172
1884.02,139.204792,8.548534876,10.074031,14.80596023
1884.03,138.6814657,8.504052141,9.877783641,14.73602345
1884.04,135.1883394,8.637626508,9.885313356,14.35345368
1884.05,126.9066123,8.77975423,9.893257409,13.46505031
1884.06,121.7211808,8.733358265,9.688569325,12.90687648
1884.07,123.0433802,8.781324646,9.58690014,13.04393159
1884.08,130.7680767,8.737183523,9.379988626,13.85981334
1884.09,128.0216696,8.785800855,9.273900902,13.56915474
1884.1,125.2142185,8.835498796,9.165455182,13.27325132
1884.11,125.4635652,8.990113393,9.157398146,13.3044376
1884.12,126.6142335,9.043873824,9.043873824,13.43229275
1885.01,123.6968549,8.874665862,8.947600329,13.12981743
1885.02,126.0404091,8.603627928,8.747838922,13.38481759
1885.03,129.2673216,8.632577982,8.853926135,13.73419409
1885.04,127.4894471,8.364124598,8.655862463,13.54854854
1885.05,128.9962943,8.384759131,8.758012297,13.71137187
1885.06,131.4930226,8.409437491,8.868134082,13.97878437
1885.07,134.7622249,8.134078686,8.662854232,14.32665878
1885.08,142.3161613,7.955805787,8.560120697,15.1304108
1885.09,142.195943,7.874291469,8.562336355,15.11628503
1885.1,150.4524817,7.696928788,8.461423105,15.99102396
1885.11,158.3305064,7.427030241,8.257963242,16.8240345
1885.12,153.468053,7.083140908,7.968533522,16.30447595
1886.01,157.1218765,7.20041215,8.30933001,16.69231747
1886.02,160.1434511,7.152066957,8.460408737,17.00664826
1886.03,158.7090203,7.186246583,8.715235218,16.8432661
1886.04,158.4778768,7.221267314,8.976285988,16.80171613
1886.05,159.2671461,7.351035406,9.35932432,16.86319552
1886.06,168.6727318,7.38947206,9.638441817,17.83149406
1886.07,169.1023682,7.243165228,9.676589551,17.84584504
1886.08,168.2681798,7.103611987,9.71380554,17.7239128
1886.09,172.6550598,7.050342731,9.870479823,18.14714393
1886.1,177.0419397,6.997073474,10.02715411,18.56238134
1886.11,181.4288196,6.946937704,10.18382839,18.96831263
1886.12,174.5732861,6.809596267,10.2143944,18.19405756
1887.01,168.6038598,6.723003371,10.04673538,17.5122221
1887.02,165.4258034,6.718556996,10.00318486,17.1253666
1887.03,169.3076363,6.793207629,10.07783549,17.47321371
1887.04,173.1894692,6.867858262,10.15248613,17.82298364
1887.05,176.1754946,6.942508896,10.22713676,18.07544543
1887.06,173.1362217,7.10070019,10.42443219,17.70769566
1887.07,170.9409294,7.262696015,10.62647101,17.43146054
1887.08,164.6758129,7.251778918,10.57551092,16.73984961
1887.09,164.5191771,7.415594879,10.77936988,16.67662967
1887.1,157.1218765,7.402857645,10.72658965,15.88066681
1887.11,158.2593426,7.390412695,10.67504056,15.9507122
1887.12,153.745855,7.293446633,10.50256315,15.45551345
1888.01,153.1520761,7.161517983,10.14380135,15.35866251
1888.02,154.0375929,7.197173137,10.01536092,15.41817832
1888.03,148.2028356,7.1475777,9.773218488,14.80897237
1888.04,150.5167443,7.180534096,9.641925561,15.02010868
1888.05,154.3775096,7.217223226,9.50451863,15.38791696
1888.06,151.3808849,7.251778918,9.366881102,15.07762882
1888.07,153.481702,7.115698365,9.008838425,15.27964252
1888.08,156.7663299,7.06792196,8.758012297,15.60291167
1888.09,160.6481628,7.017159529,8.510172195,15.98782882
1888.1,157.8950161,6.885403225,8.166271205,15.71594187
1888.11,152.8706414,6.759566339,7.827326926,15.22374902
1888.12,149.9532628,6.709970902,7.585184498,14.9467483
1889.01,158.3305064,6.925448866,7.955805787,15.80228607
1889.02,162.0727953,6.981362106,8.155625378,16.19272045
1889.03,160.6445665,7.041741594,8.357231782,16.06504536
1889.04,160.3350394,7.016979426,8.459375726,16.05010453
1889.05,168.785103,7.16384892,8.778728947,16.91542108
1889.06,171.6404901,7.138467701,8.883426473,17.21930294
1889.07,168.1505725,7.113086483,8.988123999,16.88921449
1889.08,170.3714291,7.084532612,9.095994178,17.13185398
1889.09,172.3417112,6.972005589,9.087108408,17.35078803
1889.1,169.2082255,6.946937704,9.190513435,17.0532144
1889.11,167.6414827,6.918736333,9.297051948,16.90602117
1889.12,164.6684188,6.809596267,9.285813091,16.61033808
1890.01,170.6886944,6.979835086,9.492575717,17.22007198
1890.02,168.785103,6.979835086,9.464021846,17.02681498
1890.03,167.5160421,6.979835086,9.438640627,16.90112229
1890.04,171.0059596,6.979835086,9.413259409,17.25785454
1890.05,176.101894,6.893668448,9.268850577,17.78643049
1890.06,174.8484997,6.893668448,9.243782691,17.68436084
1890.07,173.5951055,6.893668448,9.218714806,17.58929544
1890.08,163.4671831,6.647464008,8.862278152,16.59679113
1890.09,158.8565476,6.569255729,8.734124095,16.169702
1890.1,151.6900868,6.569255729,8.710235892,15.48284916
1890.11,144.0307294,6.727549993,8.8925979,14.74504349
1890.12,140.6669544,6.727549993,8.868134082,14.44299123
1891.01,149.8111179,6.809596267,9.106287371,15.42898009
1891.02,149.8408862,6.727549993,9.121946195,15.47652233
1891.03,145.3377358,6.647464008,9.140263011,15.05162336
1891.04,148.405459,6.569255729,9.158139692,15.40894513
1891.05,149.5679402,6.647464008,9.391053698,15.56649523
1891.06,150.120645,6.809596267,9.750103745,15.6582114
1891.07,149.4672659,6.893668448,10.00208622,15.61791924
1891.08,154.4808429,6.893668448,10.13055913,16.16399851
1891.09,169.1023682,6.979835086,10.39043632,17.71126141
1891.1,169.1023682,6.979835086,10.52368772,17.71656859
1891.11,168.6727318,7.068190666,10.78862921,17.67173917
1891.12,173.8132341,7.068190666,10.92356739,18.206303
1892.01,181.6240993,7.307815391,11.28970127,19.0163884
1892.02,181.9537256,7.360555601,11.37210785,19.03642504
1892.03,188.8362924,7.614366628,11.75996624,19.73805485
1892.04,191.0452385,7.775575504,12.00463796,19.94326524
1892.05,191.0452385,7.830453849,12.09038538,19.91146521
1892.06,190.0162695,7.88876209,12.17613279,19.7692844
1892.07,185.0156621,7.737929406,11.93918758,19.21188643
1892.08,185.2499887,7.690181916,11.86654732,19.2043038
1892.09,180.6352203,7.746218389,11.9489539,18.69427181
1892.1,184.2611098,7.802254863,12.03136048,19.04021492
1892.11,178.9537364,7.656135616,11.80709123,18.46331269
1892.12,174.8131424,7.614365548,11.73881355,18.01300925
1893.01,171.5525248,7.363609265,11.03318199,17.65664371
1893.02,166.4887576,7.303145685,10.62687769,17.12519385
1893.03,164.3588917,7.506032248,10.60130328,16.89958903
1893.04,166.3880884,7.623770606,10.4439077,17.10254158
1893.05,153.5563719,7.747616945,10.28573879,15.78098731
1893.06,150.0094848,7.972304504,10.25010579,15.41650386
1893.07,139.5966548,8.208817644,10.21259738,14.34985418
1893.08,141.8566691,8.577460849,10.31590042,14.58805654
1893.09,145.9419573,8.265591403,9.601444559,15.01206908
1893.1,148.3318415,8.184621388,9.173500331,15.27179415
1893.11,154.6562466,8.433334061,9.11016665,15.9424114
1893.12,151.2584383,8.574741403,8.917731059,15.61269434
1894.01,152.287383,8.696596616,8.872855162,15.73986935
1894.02,156.5770615,8.697534034,8.697534034,16.2027366
1894.03,165.8974631,8.828246371,8.644324572,17.18762209
1894.04,168.1045246,8.706857984,8.339014385,17.43484908
1894.05,161.8511835,8.58179116,8.030025762,16.80875192
1894.06,159.6441219,8.460402772,7.724715575,16.6063197
1894.07,156.3335295,8.339014385,7.419405388,16.28967971
1894.08,157.6495072,7.982570283,6.910124656,16.45777707
1894.09,157.9276564,7.755375985,6.52156617,16.52231544
1894.1,157.3636025,7.857302458,6.406946674,16.50290421
1894.11,157.3636025,7.734022216,6.102371959,16.54278445
1894.12,158.1727475,7.724715575,5.885497581,16.67246633
1895.01,156.3335295,7.662182163,6.16138028,16.52444394
1895.02,154.1264679,7.603327187,6.437262979,16.33123769
1895.03,154.1264679,7.540793775,6.713145678,16.36462543
1895.04,154.0499684,7.166672445,6.697824715,16.38754382
1895.05,160.2841286,7.012865234,6.86683631,17.08036955
1895.06,161.2051384,6.859793122,7.03128795,17.20741354
1895.07,164.1086956,6.894651343,7.388368182,17.54601465
1895.08,168.8556862,6.934011165,7.755375985,18.07407255
1895.09,169.9132375,6.87408326,8.019763803,18.20033595
1895.1,167.4456179,6.814155355,8.284151621,17.94470662
1895.11,161.8053444,6.75775262,8.548539439,17.34299899
1895.12,154.4321703,6.792155637,8.937046891,16.54841516
1896.01,154.8254799,6.860182856,8.945069295,16.57622483
1896.02,163.6904015,6.926494965,8.949634759,17.51540335
1896.03,161.1154963,6.897067477,8.828246371,17.23236271
1896.04,164.9779409,6.968638362,8.834904661,17.64369938
1896.05,166.6827401,7.038557525,8.837973469,17.82826689
1896.06,166.1316013,7.114431998,8.844969511,17.77757862
1896.07,155.3638123,7.083666887,8.718063427,16.6371001
1896.08,146.5188428,7.049056137,8.587311704,15.70337055
1896.09,154.2101206,7.018291025,8.460405619,16.54433994
1896.1,153.0338365,6.782011732,8.088398141,16.4388668
1896.11,158.8139583,6.555608142,7.734022216,17.08942524
1896.12,153.0125352,6.526601026,7.614367864,16.50140418
1897.01,157.5128757,6.718558678,8.148118663,17.02652128
1897.02,156.0198626,6.718558678,8.461651401,16.89402588
1897.03,156.3931159,6.718558678,8.771451607,16.95803072
1897.04,153.8027102,6.818839368,9.216797879,16.69685743
1897.05,156.9020679,6.922150052,9.679473156,17.04775513
1897.06,164.2087818,6.922150052,9.998661187,17.85049728
1897.07,171.5154957,6.922150052,10.31784922,18.65197576
1897.08,174.7257094,6.621184778,10.17823238,19.00639601
1897.09,178.0259741,6.434673762,10.18823346,19.37237029
1897.1,174.7678719,6.526601026,10.63473378,19.02803122
1897.11,168.6038598,6.526601026,10.9393085,18.3584481
1897.12,172.2297493,6.526601026,11.24025732,18.74875766
1898.01,176.9434056,6.588241147,11.35991167,19.24900002
1898.02,174.0936734,6.552642781,11.321451,18.91813189
1898.03,166.2290722,6.613414699,11.43942002,18.04217492
1898.04,163.3692172,6.674186618,11.55738904,17.70508943
1898.05,162.6401217,6.288528732,10.91058065,17.59563527
1898.06,180.8858291,6.792155637,11.7969019,19.54481748
1898.07,184.1951845,6.950830093,12.08508957,19.85894301
1898.08,191.0843745,7.008844324,12.20836981,20.54491518
1898.09,190.7217855,7.070484445,12.32802416,20.44273286
1898.1,186.7333071,7.132124566,12.44767851,19.94719983
1898.11,192.8973192,7.190138797,12.57095875,20.52741632
1898.12,201.9772597,7.149637513,12.51186565,21.40363199
1899.01,217.3489804,7.178236063,12.89794607,22.93280742
1899.02,219.391074,7.012865234,12.92355978,23.04811755
1899.03,222.5202652,7.040680268,13.29906273,23.27968225
1899.04,222.2572972,6.972979709,13.48978317,23.15242153
1899.05,212.9965764,7.003848778,13.8636419,22.09126936
1899.06,205.4186908,6.937534039,14.04427623,21.21209193
1899.07,209.7289455,6.872964488,14.22015685,21.56142563
1899.08,212.2793465,6.813375919,14.39478115,21.72623737
1899.09,202.0979523,6.583253547,14.1976191,20.59114051
1899.1,198.6629907,6.527050626,14.36076477,20.15371346
1899.11,199.9545086,6.475306995,14.52301167,20.19645752
1899.12,184.0902316,6.421752266,14.67829089,18.51264964
1900.01,186.5366134,6.651100561,14.67829089,18.67427536
1900.02,187.6397795,6.798542735,14.50355784,18.70379742
1900.03,189.1505668,7.025160826,14.50355784,18.77579342
1900.04,191.5678264,7.251778918,14.50355784,18.93640203
1900.05,186.9543702,7.6607958,14.85730095,18.40319702
1900.06,183.6222596,7.990388428,15.04073116,17.99271158
1900.07,181.3828824,8.125086455,14.85730095,17.68954547
1900.08,186.1290481,8.460411277,15.04073116,18.06961467
1900.09,179.5257198,8.589377109,14.85730095,17.34187415
1900.1,188.3224881,8.930434126,15.04073116,18.10239878
1900.11,203.0498706,9.16544555,15.04073116,19.4195846
1900.12,217.9612138,9.517956935,15.2287311,20.74405116
1901.01,221.537436,9.45372623,15.09400041,20.97858183
1901.02,230.0172926,9.622654462,15.33342862,21.67914985
1901.03,238.2661886,9.676589551,15.38736371,22.34758395
1901.04,261.5230546,9.853700351,15.63676544,24.40971699
1901.05,248.3505175,9.905105374,15.68817046,23.06401268
1901.06,273.0891848,9.959723211,15.7427883,25.23846621
1901.07,251.5913283,9.889157256,15.59993142,23.14484855
1901.08,251.9322469,9.817210567,15.45748475,23.07717771
1901.09,247.6216824,9.750103745,15.3215916,22.59046832
1901.1,244.8359385,9.802723353,15.37421121,22.25290162
1901.11,247.0845634,9.733541649,15.23790073,22.37507478
1901.12,240.2151766,9.669038557,15.10787274,21.68021514
1902.01,248.3077543,9.809991081,15.62014789,22.3402908
1902.02,250.4483384,9.837512876,15.95346742,22.45995745
1902.03,250.7541361,9.861976694,16.28372896,22.41065229
1902.04,256.2295218,9.768750517,16.41621452,22.8231087
1902.05,252.617743,9.680694125,16.54855239,22.42795449
1902.06,248.2050627,9.591753313,16.67489422,21.9637423
1902.07,253.8125492,9.615363783,16.99363556,22.38568659
1902.08,263.6660368,9.755344758,17.51901062,23.16867183
1902.09,261.190821,9.665536031,17.63406955,22.85656638
1902.1,236.4308898,9.057206665,16.78190318,20.6044254
1902.11,234.9910961,9.388236509,17.65855421,20.40854126
1902.12,227.0212745,9.306462185,17.76688235,19.63323213
1903.01,235.9615087,9.251587757,17.34010283,20.31813205
1903.02,234.5669371,9.296214047,17.10581481,20.10705152
1903.03,233.044967,9.662136627,17.44953033,19.88456038
1903.04,223.5270414,9.711168365,17.21014008,18.9800226
1903.05,224.2994621,9.984277372,17.36254915,18.95485872
1903.06,211.9039655,10.03444962,17.11759053,17.81855172
1903.07,202.1646468,10.08462187,16.87263191,16.91817841
1903.08,195.6717676,10.13184281,16.62472197,16.29911879
1903.09,188.7543988,10.06495635,16.19145152,15.65435912
1903.1,184.7519254,10.2321873,16.13480473,15.25294383
1903.11,187.5223908,10.40032623,16.07377436,15.40787753
1903.12,196.1818643,10.45108866,15.82593426,16.04289414
1904.01,194.880894,10.11455179,15.36583337,15.86183391
1904.02,185.3691899,9.79034506,14.9236457,15.02149838
1904.03,186.8974488,9.806347621,14.99794342,15.08193018
1904.04,193.7139426,9.822813925,15.0740955,15.56549061
1904.05,194.0916465,9.95242243,15.32726803,15.5258209
1904.06,194.3902491,9.853883594,15.22872919,15.47443364
1904.07,202.4525175,9.755344758,15.13019035,16.03640163
1904.08,206.8867407,9.541581065,14.85393675,16.30465198
1904.09,213.5521174,9.33561169,14.58689327,16.74260005
1904.1,226.0968456,9.239338194,14.49061977,17.63319737
1904.11,232.9948125,8.934794952,14.0680956,18.07620022
1904.12,235.2762795,8.840684441,13.97398508,18.15967912
1905.01,240.4095801,8.889165613,14.40176014,18.45985203
1905.02,250.9613648,8.934794952,14.82953519,19.16899638
1905.03,261.0218999,9.085292649,15.4305764,19.83150607
1905.04,257.849258,9.134324387,15.86320939,19.48292752
1905.05,247.9771855,9.286016253,16.48318939,18.62948751
1905.06,250.8945642,9.33561169,16.92079619,18.73586239
1905.07,258.7714865,9.385207127,17.35840299,19.20588331
1905.08,265.3482297,9.3246829,17.59374132,19.57330843
1905.09,269.2740497,9.481480622,18.23361658,19.74349242
1905.1,273.0666419,9.531076059,18.67122338,19.89739481
1905.11,268.5208716,9.468893894,18.89164027,19.44352569
1905.12,272.0649341,9.411051179,19.10728573,19.57796081
1906.01,281.4759853,9.576457533,19.32117325,20.13240226
1906.02,279.4797017,9.74471572,19.53506078,19.86675256
1906.03,272.6353008,9.910122075,19.74894831,19.25945302
1906.04,268.927917,10.07552843,19.96283583,18.876205
1906.05,258.8888572,10.12994308,19.9524909,18.05404446
1906.06,262.2730252,10.2935112,20.1640014,18.17266638
1906.07,264.314506,10.81764005,21.07806077,18.19520014
1906.08,277.4834181,10.74285751,20.81838594,18.96725148
1906.09,282.8600476,10.78703571,20.79853291,19.20099368
1906.1,268.4332039,10.71249878,20.55321037,18.09538091
1906.11,271.0070237,10.75840571,20.53703779,18.14185165
1906.12,265.6932486,10.80053856,20.52102326,17.66000367
1907.01,260.9090782,11.00676059,20.5152044,17.21891385
1907.02,247.4000045,10.86582957,19.85879302,16.21707129
1907.03,225.4612424,11.07055202,19.8459896,14.68754526
1907.04,226.5412963,11.15965647,19.62187843,14.66970991
1907.05,214.1534993,11.0170078,18.99092081,13.79010715
1907.06,205.143904,10.989852,18.57808314,13.14426995
1907.07,212.9937982,11.07620084,18.36090273,13.58500736
1907.08,197.0323465,11.1651663,18.14110569,12.5134716
1907.09,194.9390414,11.25151514,17.92392528,12.32856966
1907.1,171.9710559,11.22214737,17.52602614,10.83184015
1907.11,168.758415,11.79148797,18.0449998,10.59117756
1907.12,181.2544861,12.13880881,18.20821322,11.33330624
1908.01,191.0563043,12.18018804,18.22147206,11.90296863
1908.02,186.1292437,12.21966686,18.23784574,11.5548463
1908.03,193.7436219,12.12660224,18.04889636,11.98466266
1908.04,201.9339625,11.90127373,17.66364343,12.44888916
1908.05,212.8116207,11.80644286,17.47955999,13.07845136
1908.06,213.090535,11.71440114,17.2926874,13.05168413
1908.07,218.4985586,11.49600371,16.91984419,13.3454871
1908.08,227.8785472,11.40220382,16.73776206,13.8842329
1908.09,225.3956091,11.31116276,16.55292111,13.70144227
1908.1,225.7027277,11.09955252,16.19219206,13.69081036
1908.11,238.4218887,10.889643,15.84168993,14.43501409
1908.12,241.25508,10.68682525,15.49589661,14.58248291
1909.01,244.6321984,10.889643,16.06580111,14.76441846
1909.02,235.1101555,10.86582957,16.29740851,14.16715752
1909.03,238.3162031,10.95399588,16.69816445,14.33605838
1909.04,243.8700491,10.81453769,16.74644114,14.6451986
1909.05,249.4098296,10.79221973,16.9640123,14.95350979
1909.06,251.2484093,10.76778897,17.17718717,15.04044468
1909.07,254.8376723,10.85239303,17.56175106,15.23150324
1909.08,258.3802544,10.83014288,17.76681514,15.41758071
1909.09,256.074973,10.80591152,17.96796916,15.25444644
1909.1,252.0872946,10.67736313,17.98863393,14.9888453
1909.11,248.4426337,10.65765208,18.18170551,14.74563118
1909.12,248.9767336,10.6358993,18.37109879,14.75063849
1910.01,246.0021363,10.79920092,18.48676768,14.54788504
1910.02,237.2163457,10.86021336,18.42575525,14.0020379
1910.03,238.4882406,10.7152096,18.01831336,14.05000697
1910.04,230.5659315,10.67434868,17.79058113,13.55988362
1910.05,231.0890848,10.93805553,18.06894256,13.56879229
1910.06,222.0852619,11.1042631,18.18170551,13.0196573
1910.07,210.858974,11.16527553,18.12069307,12.34258126
1910.08,218.0813839,11.33530357,18.23505357,12.74505515
1910.09,221.7128989,11.50866619,18.3516569,12.9371611
1910.1,238.9423648,11.92148064,18.8436307,13.91886666
1910.11,243.608386,12.23275193,19.16682521,14.16452318
1910.12,236.8051442,12.29816771,19.10140943,13.74147842
1911.01,242.5617334,12.29816771,18.79526355,14.04921518
1911.02,254.6226965,12.69063281,19.0818515,14.72148847
1911.03,249.0030283,12.55701967,18.56835887,14.37062322
1911.04,256.0185131,12.96645487,18.85101832,14.75293542
1911.05,261.5361535,12.96645487,18.53099518,15.04766059
1911.06,266.7779118,12.96645487,18.20821322,15.32835568
1911.07,262.8195003,12.82711995,17.69323801,15.08311058
1911.08,242.4429122,12.4261907,16.8335226,13.89979067
1911.09,226.8619448,12.29816771,16.35394643,12.99795398
1911.1,228.1702605,12.29816771,16.04780055,13.06647285
1911.11,239.7990419,12.4261907,15.90816797,13.72799759
1911.12,243.3924451,12.55701967,15.76306724,13.92925842
1912.01,241.120977,12.44734167,15.84207121,13.79495263
1912.02,236.5434811,12.34265045,15.91696898,13.53163437
1912.03,238.4296129,12.11376259,15.83121354,13.63976917
1912.04,238.6337487,11.7774091,15.59455373,13.65439269
1912.05,238.3849127,11.79980434,15.82099452,13.64550069
1912.06,240.7456567,11.93676273,16.20886728,13.7854174
1912.07,240.9969569,11.95686675,16.44006353,13.80287665
1912.08,244.1081413,11.86201335,16.50529359,13.98476176
1912.09,242.9697679,11.76653795,16.57172098,13.926285
1912.1,242.4769286,11.78625152,16.79842705,13.9050927
1912.11,239.7663125,11.80842929,17.02266893,13.74954102
1912.12,233.4081921,11.94412924,17.4185218,13.38899945
1913.01,229.1702679,11.82814286,17.10645161,13.14808879
1913.02,221.0384196,11.82814286,16.96106402,12.68296052
1913.03,216.8492857,11.82814286,16.81814063,12.44345352
1913.04,216.6028661,11.82814286,16.67521723,12.43306708
1913.05,212.8608441,11.95008247,16.70024026,12.22140106
1913.06,200.09275,11.82814286,16.38690625,11.49196285
1913.07,200.7548472,11.70866667,16.07990222,11.5340228
1913.08,206.1213194,11.70866667,15.93598319,11.84684054
1913.09,205.9920363,11.59158,15.63655844,11.84331683
1913.1,199.4717725,11.59158,15.49649351,11.47149024
1913.11,192.4756993,11.47681188,15.20199374,11.07253785
1913.12,194.158965,11.59158,15.21394875,11.17404087
1914.01,202.1281763,11.47083438,14.9917768,11.63609211
1914.02,206.8531111,11.46473611,14.92123208,11.91023388
1914.03,202.9502222,11.34277083,14.69681597,11.68552602
1914.04,200.09275,11.33530357,14.62007741,11.52266254
1914.05,199.2912639,11.09884028,14.25042306,11.47900869
1914.06,198.3155417,10.976875,14.02600694,11.42871517
1914.07,185.46528,10.74636063,13.66357493,10.69434518
1914.08,181.8287059,10.41726961,13.18021362,10.49204627
1914.09,181.8287059,10.29889154,12.96239798,10.5004973
1914.1,183.6289901,10.28131064,12.87076632,10.61275947
1914.11,181.8287059,10.06213542,12.52913426,10.51691764
1914.12,175.7386819,10.0422104,12.43321287,10.17221799
1915.01,178.8469851,10.06133842,13.15051361,10.3598342
1915.02,178.2205425,10.18368601,14.0064925,10.32978621
1915.03,184.6554306,10.30606597,14.87976389,10.70701319
1915.04,196.5738775,10.22232461,15.45544,11.40112379
1915.05,190.0846968,10.1426325,16.01971658,11.02692988
1915.06,192.236599,10.16176052,16.73701733,11.15426219
1915.07,191.5192983,10.18088854,17.45431807,11.11362939
1915.08,199.6487067,10.20240756,18.17161881,11.58483164
1915.09,207.0608144,10.22153558,18.88891955,12.01157076
1915.1,216.3951005,10.14026494,19.41400245,12.54907613
1915.11,221.796818,10.06291694,19.92888956,12.85771445
1915.12,222.265733,10.08167354,20.63226214,12.8784446
1916.01,216.6455156,10.23551375,21.69241594,12.54356369
1916.02,213.626875,10.48861516,22.94863484,12.35465233
1916.03,210.9023583,10.63711458,23.96513167,12.1770528
1916.04,206.6344941,10.78281213,24.99206616,11.90648178
1916.05,209.2171857,10.92804329,25.97723633,12.02625667
1916.06,209.2924167,11.06834896,26.94416262,11.99596122
1916.07,206.3855775,11.30984021,28.15161887,11.79116528
1916.08,206.0429931,11.44757146,29.0897258,11.73208264
1916.09,210.5977748,11.47627337,29.76216486,11.94455242
1916.1,213.2816527,11.50395928,30.38942987,12.04574176
1916.11,214.4022315,11.53278213,30.99487696,12.0532304
1916.12,204.0184698,11.65819828,31.85186315,11.41355919
1917.01,197.5274583,11.78147056,31.14617917,10.99236143
1917.02,181.7221656,11.70628834,29.944915,10.06318774
1917.03,187.3569615,11.92363047,29.54242958,10.32715708
1917.04,175.7519653,11.56283104,27.73316181,9.644531197
1917.05,167.1572246,11.5878067,26.90363457,9.138988813
1917.06,167.9293,11.61015625,26.09963125,9.14822026
1917.07,165.8365693,11.99532318,26.11124141,9.003472377
1917.08,158.4554125,12.01326088,25.31942875,8.572680467
1917.09,147.4367632,11.93838322,24.38516908,7.950823264
1917.1,137.3816889,11.95471129,23.64825426,7.387133711
1917.11,125.9332148,12.14969311,23.2726012,6.753013605
1917.12,119.8642701,12.16269799,22.56268613,6.412593898
1918.01,124.3679938,11.729575,21.665215,6.640646029
1918.02,127.2538998,11.47511613,21.10051206,6.784343552
1918.03,125.57545,11.3845875,20.837245,6.68635576
1918.04,122.6163319,11.05417694,20.11860202,6.520727731
1918.05,123.9099931,10.65892414,19.30264543,6.582363232
1918.06,122.3884226,10.349625,18.64575298,6.496291319
1918.07,120.1059131,9.915534768,17.76799859,6.371324094
1918.08,118.863875,9.5655625,17.04551875,6.303073761
1918.09,115.9773264,9.228964968,16.3506496,6.149170562
1918.1,118.6325766,8.904989844,15.66674484,6.290515321
1918.11,119.4122377,8.592940184,15.02282991,6.333327495
1918.12,115.6230833,8.342425,14.489475,6.134580411
1919.01,114.8912917,8.29412675,14.41629583,6.09846764
1919.02,117.4661142,8.397038341,14.60872994,6.239692771
1919.03,119.5676189,8.246042683,14.35694931,6.356074005
1919.04,121.3240472,8.050190352,14.02673728,6.456139556
1919.05,128.176125,7.906337788,13.78929327,6.829002261
1919.06,131.6055865,7.859182692,13.71784615,7.021615215
1919.07,131.9874591,7.587544045,13.25426114,7.052837165
1919.08,121.0184965,7.412553453,12.96139477,6.479131102
1919.09,122.2379867,7.326139045,12.82074333,6.558481672
1919.1,126.3492894,7.160682535,12.54153453,6.7947042
1919.11,119.9624101,6.961474791,12.20509831,6.467022574
1919.12,113.9736481,6.771976852,11.88290278,6.160717034
1920.01,110.485375,6.61035375,11.50149,5.989667771
1920.02,100.31175,6.522740583,11.24853858,5.45534765
1920.03,106.2806669,6.43568052,11.00194908,5.798822728
1920.04,102.3066379,6.225239957,10.54829022,5.599858726
1920.05,94.48638228,6.115824521,10.26689499,5.188950462
1920.06,91.51247368,6.008394737,9.994733553,5.04363968
1920.07,91.83633594,6.017543984,9.917395469,5.08059292
1920.08,90.41051724,6.14672556,10.03199858,5.020701078
1920.09,95.02680688,6.218399688,10.05207328,5.29716277
1920.1,95.6256809,6.229018021,9.971525634,5.351177393
1920.11,91.23002778,6.240963264,9.888944722,5.126407931
1920.12,84.77089755,6.348481314,9.958402062,4.784241045
1921.01,90.36856776,6.428751276,9.627874836,5.122184147
1921.02,92.65914266,6.58457392,9.384034986,5.274857191
1921.03,90.79015301,6.565130977,8.874473531,5.192348159
1921.04,92.19362086,6.581637217,8.405496547,5.297085923
1921.05,97.14224294,6.67443613,8.0155994,5.609469225
1921.06,89.87316406,6.654730469,7.477996094,5.216110961
1921.07,89.0925346,6.559830113,6.855895657,5.197779362
1921.08,88.00104873,6.503891462,6.276043785,5.161294823
1921.09,91.214695,6.52026375,5.76129125,5.377524425
1921.1,92.45665,6.46230585,5.1748125,5.479257678
1921.11,97.98438075,6.442542428,4.614703484,5.838196993
1921.12,102.0405224,6.421154624,4.04811922,6.114158849
1922.01,104.3127885,6.633150192,4.619770481,6.28708729
1922.02,106.5990962,6.691736827,5.097037212,6.461305873
1922.03,111.9246871,6.832611714,5.639616018,6.821387249
1922.04,118.7211475,6.89334604,6.121152463,7.27325339
1922.05,123.3485247,6.952634311,6.604134963,7.593467259
1922.06,122.1916804,7.013368638,7.085671407,7.557987352
1922.07,122.3268177,7.031995208,7.522164948,7.602095046
1922.08,128.4558878,7.176363471,8.098685474,8.02003069
1922.09,131.8018509,7.237463667,8.583122741,8.265083002
1922.1,133.904729,7.254859888,9.013263241,8.432151999
1922.11,126.4954167,7.270611563,9.439720469,7.998253772
1922.12,125.4611346,7.287605769,9.859701923,7.964679865
1923.01,127.9328646,7.35542099,10.26625302,8.154200483
1923.02,133.3951667,7.378420156,10.61267797,8.533360579
1923.03,135.5513385,7.402856771,10.96054036,8.700737501
1923.04,130.03375,7.383344904,11.24148913,8.372809668
1923.05,123.8892981,7.406207981,11.58586423,8.000497868
1923.06,118.4727662,7.386791176,11.86148199,7.671825283
1923.07,113.163923,7.324766577,12.06333035,7.345985119
1923.08,114.3905921,7.390197142,12.47422346,7.441783174
1923.09,114.42754,7.371099201,12.74147148,7.458183867
1923.1,112.0910253,7.352222045,13.00562992,7.317400396
1923.11,115.4411929,7.374556496,13.34204259,7.546327912
1923.12,119.3497218,7.39828685,13.67985116,7.809739145
1924.01,123.2582507,7.422017204,13.62122322,8.072249446
1924.02,124.536476,7.487632769,13.64285161,8.162066221
1924.03,122.8639693,7.555427997,13.66332072,8.058077044
1924.04,120.745625,7.624020816,13.68403065,7.923620348
1924.05,120.319464,7.646749404,13.62578865,7.899698331
1924.06,122.5923228,7.670898529,13.5661261,8.051676946
1924.07,127.5243268,7.650047376,13.42747839,8.37771214
1924.08,132.6781338,7.717776243,13.44822155,8.717418309
1924.09,130.6312317,7.69665095,13.31026334,8.581670375
1924.1,128.1869251,7.675771301,13.1739093,8.419491036
1924.11,135.3474215,7.698235603,13.11634452,8.888327361
1924.12,141.823763,7.677467486,12.98189957,9.31063968
1925.01,147.6865564,7.736095419,13.35460572,9.692618852
1925.02,149.8088161,7.838637493,13.8057178,9.830804723
1925.03,145.0343403,7.851955383,14.09862211,9.518537539
1925.04,144.3331424,7.95657508,14.55967594,9.476566788
1925.05,148.1053273,7.967815347,14.83845079,9.729007694
1925.06,149.0346,7.9347125,15.041455,9.79638618
1925.07,151.4436653,7.90235774,15.23987154,9.963993892
1925.08,153.4902013,7.958296391,15.59460445,10.11091846
1925.09,157.0375304,8.0155994,15.96298093,10.35924761
1925.1,162.2220883,8.072902408,16.33135742,10.718496
1925.11,164.4823736,7.993360375,16.40798882,10.88631744
1925.12,168.0994958,8.094678771,16.86391411,11.14736524
1926.01,170.6628108,8.195862256,16.85042297,11.34096619
1926.02,170.9326334,8.29704574,16.83693184,11.38943567
1926.03,160.2253743,8.445410288,16.93152135,10.71235206
1926.04,154.8781872,8.499412709,16.82344071,10.39558769
1926.05,156.8336433,8.64891415,16.9043875,10.57515846
1926.06,165.2236744,8.800104873,16.98624894,11.19797974
1926.07,174.14969,9.00417375,17.166578,11.86969406
1926.08,182.089954,9.160012931,17.25135769,12.48880822
1926.09,183.80934,9.21116625,17.138979,12.69261482
1926.1,178.6486406,9.261738281,17.04159844,12.42651752
1926.11,179.9587338,9.311738877,16.93167465,12.61525121
1926.12,184.0518058,9.414065678,16.91803107,13.00905273
1927.01,184.9133,9.61411165,16.9595855,13.18593063
1927.02,189.5845101,9.760965295,16.9043875,13.63396613
1927.03,193.611771,9.910912572,16.8625104,14.03325751
1927.04,198.3578418,10.00443809,16.70896105,14.48822221
1927.05,204.0184698,10.03854144,16.46026566,15.00234706
1927.06,204.3070859,10.01639844,16.12228516,15.12033348
1927.07,212.4564639,10.28361872,16.24831301,15.82080259
1927.08,225.0642289,10.43607245,16.18833786,16.86286185
1927.09,236.4659986,10.46927384,15.95517334,17.81872371
1927.1,231.4985086,10.50209361,15.71081006,17.53723785
1927.11,238.1410824,10.65492897,15.64807464,18.13130143
1927.12,243.7246951,10.74845448,15.49452529,18.64662402
1928.01,244.7018273,10.84197999,15.81558302,18.80612857
1928.02,244.598155,11.06199393,16.3112511,18.86885052
1928.03,257.7318896,11.1566133,16.62194159,19.9434178
1928.04,273.9725292,11.25123268,16.94675439,21.25790925
1928.05,280.8037791,11.27848379,17.1571109,21.83273218
1928.06,268.606057,11.43905921,17.58225768,20.91342158
1928.07,270.5831784,11.53367859,17.90707047,21.08190544
1928.08,279.3390015,11.62688574,18.21776096,21.7621315
1928.09,295.512703,11.58599639,18.31424971,23.00464945
1928.1,303.2680814,11.7474261,18.74365225,23.57834424
1928.11,323.7667573,11.84009134,19.05253641,25.12198457
1928.12,326.9311367,12.00395102,19.48876754,25.30159103
1929.01,351.0802617,12.14517398,19.75709115,27.08319962
1929.02,352.9161601,12.28639693,20.02541477,27.1316728
1929.03,361.2424993,12.50072353,20.42731868,27.67574844
1929.04,361.2366154,12.71758654,20.81968942,27.56845447
1929.05,364.5097338,12.78483088,20.96712265,27.69858688
1929.06,369.2980227,12.85128874,21.11283151,27.93546783
1929.07,397.5532254,12.84230925,21.13397413,29.93328941
1929.08,420.1668569,12.98189957,21.39919574,31.48031325
1929.09,436.9176951,13.12148988,21.66441734,32.5637886
1929.1,390.7132999,13.2610802,21.94359798,28.96106716
1929.11,287.2768743,13.40067052,22.20881958,21.171036
1929.12,300.4600436,13.61898328,22.60470422,22.00737318
1930.01,306.5950314,13.7099243,21.98841382,22.31072429
1930.02,327.7178316,13.80335574,21.35066757,23.69711775
1930.03,342.0887885,13.89646394,20.71966346,24.58660779
1930.04,361.6686603,13.82608433,19.8448986,25.84343686
1930.05,342.0887885,13.92075596,19.19069519,24.30976063
1930.06,309.3387917,14.01511719,18.54307813,21.86689933
1930.07,306.3738389,14.19561215,17.99546242,21.54879759
1930.08,304.278975,14.29481842,17.31419083,21.30060224
1930.09,302.3004925,14.22034319,16.4388622,21.07258179
1930.1,262.2741333,14.31823575,15.7627925,18.21487015
1930.11,244.7307668,14.41879463,15.06375297,16.93971138
1930.12,232.6415707,14.69946739,14.54947283,16.05500186
1931.01,242.7063003,14.68236424,14.27684119,16.70547873
1931.02,264.5636624,14.66328717,13.99726354,18.16149244
1931.03,271.3680521,14.55139583,13.62258333,18.57956103
1931.04,247.100079,14.43806073,13.24306855,16.87231533
1931.05,226.1810204,14.41529141,12.9426683,15.40154
1931.06,221.8201084,14.39351821,12.63431043,15.06247607
1931.07,229.1767955,14.180814,12.15452649,15.5167501
1931.08,222.2998924,13.9665105,11.67474255,15.0062766
1931.09,190.4560992,13.84549833,11.26959167,12.81774526
1931.1,166.126531,13.72286184,10.85900252,11.14592641
1931.11,170.6866726,13.68943256,10.51390476,11.4156003
1931.12,139.6017911,13.56320719,10.08970291,9.306032868
1932.01,140.16625,13.39685375,10.01935375,9.312406455
1932.02,140.955531,13.13130081,9.877163395,9.336932251
1932.03,142.4798375,12.7645375,9.65965,9.413065028
1932.04,109.1053993,12.39249702,9.439006915,7.192233196
1932.05,97.12531296,12.10452857,9.284192801,6.39085729
1932.06,84.6995046,11.71942831,9.055921875,5.565059372
1932.07,88.96111489,11.24532416,8.759384825,5.838763672
1932.08,134.6984528,10.85279566,8.527324361,8.834653205
1932.09,148.8595317,10.45260634,8.289998134,9.761168564
1932.1,129.2795263,10.04639914,8.049103092,8.478606608
1932.11,128.9782813,9.635866771,7.806387604,8.463309567
1932.12,125.7229256,9.217223282,7.558123092,8.257073999
1933.01,132.7265862,9.266524709,7.722103924,8.728046163
1933.02,118.8441191,9.317378937,7.891249508,7.826051751
1933.03,119.4040069,9.295496528,8.001793403,7.874681323
1933.04,132.0535486,9.199666667,8.049708333,8.723101646
1933.05,170.0021736,9.103836806,8.097623264,11.24965125
1933.06,197.5664636,8.937077756,8.081400098,13.09887552
1933.07,207.0188349,8.572017653,7.880725906,13.75430449
1933.08,195.2054271,8.415604167,7.866760417,12.99952705
1933.09,193.5588958,8.324130208,7.912497396,12.92292061
1933.1,174.7152604,8.23265625,7.958234375,11.69625357
1933.11,178.9230625,8.141182292,8.003971354,12.01176619
1933.12,182.3990729,8.049708333,8.049708333,12.28180162
1934.01,192.8271042,8.064344167,8.126546458,13.02511983
1934.02,205.5399211,8.020051513,8.139889276,13.9269229
1934.03,195.0087237,8.034577303,8.216149671,13.25453763
1934.04,198.2770263,8.049103092,8.292410066,13.51838928
1934.05,178.1224934,8.065444605,8.366854737,12.18158324
1934.06,179.1360466,8.019672108,8.38010681,12.28772648
1934.07,170.6658312,8.034089496,8.455798097,11.74152423
1934.08,163.9977892,8.050309058,8.529687211,11.31502598
1934.09,157.6795809,7.946127528,8.478828814,10.90995408
1934.1,160.0997546,8.019298324,8.616765565,11.10835261
1934.11,164.5718148,8.035397741,8.690107352,11.44880869
1934.12,166.8812668,8.109780784,8.830650187,11.63933757
1935.01,164.4271305,7.990519301,10.12132445,11.49590797
1935.02,158.2913449,7.932194343,11.45761405,11.08781216
1935.03,148.2438987,7.932194343,12.86778193,10.3982724
1935.04,158.1942681,7.816389287,13.24119273,11.10421021
1935.05,170.6188179,7.758046401,13.70783082,11.98557668
1935.06,178.3862372,7.755923358,14.27794982,12.53951932
1935.07,187.7285995,7.755923358,13.98415897,13.20213794
1935.08,200.4201104,7.755923358,13.69038574,14.10505685
1935.09,204.6506141,7.755923358,13.39659489,14.4188917
1935.1,210.1150146,7.932194343,13.39659489,14.82623263
1935.11,228.1917319,8.049708333,13.29951812,16.12960516
1935.12,228.1917319,8.224701993,13.29951812,16.15919271
1936.01,240.7912754,8.399695652,13.47451178,17.08735985
1936.02,254.6157745,8.574689312,13.64950543,18.10453646
1936.03,261.9386843,8.81354927,13.92540785,18.6604782
1936.04,262.2912263,9.107340121,14.4542208,18.71899967
1936.05,248.3658184,9.401113346,14.98303376,17.75019252
1936.06,257.0656857,9.624651268,15.39944203,18.39300107
1936.07,270.3312122,9.902878597,15.6361241,19.36046451
1936.08,273.7475813,10.17713125,15.869425,19.62306016
1936.09,276.8524688,10.52211875,16.2144125,19.86202424
1936.1,291.3419438,11.15460158,16.67440158,20.91309185
1936.11,299.44915,11.78706717,17.13437342,21.49976534
1936.12,294.2743375,12.41955,17.5943625,21.12566355
1937.01,301.2646161,12.50273848,17.98339096,21.61874158
1937.02,310.1706764,12.67400887,18.49720213,22.24422155
1937.03,307.6462474,12.75481954,18.87713292,22.04219702
1937.04,287.256375,13.17225,19.082875,20.55657946
1937.05,272.5161675,13.58388281,19.28575955,19.47417469
1937.06,262.2863299,14.08698958,19.62116406,18.71165996
1937.07,275.9662078,13.60123687,19.76347735,19.64672328
1937.08,278.7974845,13.21261916,20.04094247,19.80698258
1937.09,237.6869358,12.73618236,20.17940582,16.84788286
1937.1,203.1172979,12.90158733,19.68319092,14.36165957
1937.11,186.5311724,13.15710948,19.3193,13.15811917
1937.12,184.8078872,13.41618056,18.95035503,13.00848303
1938.01,192.3426787,13.491759,18.31030874,13.51146192
1938.02,189.0825106,13.47327639,17.52661283,13.26307624
1938.03,176.5797722,13.35909043,16.61322784,12.37728623
1938.04,168.1935537,13.03826565,15.36246587,11.78951772
1938.05,170.9278493,12.90236368,14.32962834,11.99227593
1938.06,174.8670683,12.67400887,13.18782004,12.28896631
1938.07,209.6349574,12.21728212,12.33146809,14.77032802
1938.08,210.8338502,11.76057249,11.47511613,14.90358851
1938.09,201.2427083,11.30384574,10.61876418,14.28233051
1938.1,225.2768375,10.52211875,10.80961408,16.06114764
1938.11,225.4493313,9.65965,10.92459842,16.1495718
1938.12,218.8945688,8.79718125,11.0396,15.75648444
1939.01,215.6171875,8.854673417,11.44207967,15.59963441
1939.02,215.4310432,8.976299256,11.92978936,15.66469693
1939.03,215.2573085,9.034205036,12.33516457,15.72922374
1939.04,189.5181332,9.157995677,12.71621175,13.91699458
1939.05,196.5178795,9.216338563,13.00785618,14.5029295
1939.06,200.0177527,9.274663949,13.29951812,14.83382892
1939.07,204.9175752,9.449657609,13.59118005,15.2709526
1939.08,201.942683,9.624651268,13.88282448,15.12008234
1939.09,218.7122881,9.591141844,13.8729016,16.45283558
1939.1,222.5169375,10.0046375,14.489475,16.82120481
1939.11,218.5495813,10.349625,15.00695625,16.59923851
1939.12,213.3747688,10.6946125,15.5244375,16.2804129
1940.01,213.693696,10.82945794,16.15732824,16.37848034
1940.02,210.7873625,10.80961408,16.5594,16.21611985
1940.03,209.5799063,10.86710625,17.07688125,16.17290631
1940.04,211.6498313,10.98210783,17.36442833,16.37098871
1940.05,182.4983875,11.09709217,17.65180292,14.13874769
1940.06,165.6184672,11.13257535,17.81212057,12.8437656
1940.07,172.3212563,11.32709533,18.16928417,13.36988476
1940.08,175.943625,11.44207967,18.39939083,13.64939939
1940.09,183.3608563,11.55708125,18.629325,14.2148426
1940.1,185.0857938,11.55708125,18.45683125,14.32829032
1940.11,189.3981375,11.55708125,18.2843375,14.63668925
1940.12,180.3477207,11.47511613,17.98339096,13.90842612
1941.01,180.6902615,11.53220056,18.040424,13.90415827
1941.02,169.3864158,11.5893021,18.09762831,13.0029433
1941.03,169.2139393,11.56436972,18.02681162,12.95571982
1941.04,162.7955,11.53978604,18.069625,12.42937039
1941.05,158.1432283,11.51556057,18.11184375,12.03720651
1941.06,160.3370476,11.33530357,17.90649405,12.16430659
1941.07,168.5510357,11.39005802,18.45403849,12.74499628
1941.08,165.4782324,11.29120702,18.74669021,12.46317372
1941.09,163.7662517,11.19495861,19.03142964,12.27972927
1941.1,155.1541822,11.10122649,18.62481536,11.57781496
1941.11,146.9333125,11.08142189,18.3470625,10.91166869
1941.12,136.4815065,11.06185726,18.07289355,10.08659331
1942.01,137.3577619,10.8183927,17.22740127,10.10168643
1942.02,132.2088172,10.648037,16.50699684,9.680255592
1942.03,123.4624016,10.41431016,15.69693125,9.003426618
1942.04,117.5957391,10.19963043,15.29944565,8.544255708
1942.05,117.4862339,9.926327454,14.81541411,8.50611626
1942.06,123.4123995,9.778173313,14.51910583,8.905456929
1942.07,127.2246585,9.522220864,14.23424525,9.150488901
1942.08,125.7218083,9.269356233,13.9528229,9.012823048
1942.09,127.0390333,9.074216667,13.75768333,9.077829839
1942.1,134.7723623,8.820937874,14.02673728,9.599176749
1942.11,136.1263177,8.6246875,14.37447917,9.661334152
1942.12,136.0353077,8.430759615,14.71810577,9.617514103
1943.01,144.1802788,8.430759615,14.90858378,10.15053422
1943.02,152.7539327,8.430759615,15.09920468,10.708983
1943.03,155.4248917,8.283711483,15.02300218,10.85054174
1943.04,158.7735575,8.188496408,14.98911207,11.03922714
1943.05,164.076055,8.141705,15.041455,11.3622158
1943.06,166.97395,8.141705,15.17945,11.51674479
1943.07,171.4032723,8.234754473,15.17411657,11.77421334
1943.08,163.8790332,8.328893622,15.16886108,11.2105459
1943.09,166.4069016,8.327284483,14.98911207,11.33628194
1943.1,164.8802328,8.373542548,14.34138812,11.1873355
1943.11,157.2468886,8.419814492,13.69376133,10.63103367
1943.12,159.3287098,8.466072557,13.04607902,10.73736032
1944.01,164.4638685,8.512330623,12.99982096,11.05241276
1944.02,163.3535639,8.558602567,12.95354901,10.94791889
1944.03,167.9335704,8.604860632,12.90729095,11.2246932
1944.04,164.076055,8.601683734,12.78754127,10.93827519
1944.05,166.97395,8.647691267,12.74153373,11.10373694
1944.06,173.8462578,8.644289063,12.62340625,11.53278527
1944.07,177.3664548,8.640925301,12.46112587,11.73877475
1944.08,174.7741758,8.686412975,12.37017781,11.54171167
1944.09,171.9090254,8.731887006,12.2792161,11.32856058
1944.1,176.1385332,8.731887006,12.41565184,11.58310519
1944.11,174.9106116,8.731887006,12.55208757,11.4784592
1944.12,177.7267065,8.682831461,12.61723947,11.63868359
1945.01,183.0178069,8.728050019,12.75290871,11.96046344
1945.02,189.1229228,8.773282144,12.88857795,12.34175355
1945.03,188.9872535,8.818500702,13.02424719,12.32331031
1945.04,193.735677,8.818500702,13.20513499,12.63186724
1945.05,199.9385656,8.769235335,13.31125403,13.03656063
1945.06,201.3316554,8.672337707,13.34205801,13.13022336
1945.07,197.1956174,8.716806787,13.29758893,12.86702844
1945.08,197.8627203,8.761289208,13.25310651,12.91537856
1945.09,211.3381989,8.805758287,13.20863743,13.79826495
1945.1,220.1439572,8.805758287,13.07521685,14.37466268
1945.11,227.3486685,8.805758287,12.94179627,14.84770266
1945.12,229.9474375,8.757375,12.738,15.02034747
1946.01,239.102875,8.845837756,12.472625,15.62316318
1946.02,241.0909883,8.983647947,12.27469337,15.76166653
1946.03,231.3301428,8.973445355,11.87661885,15.13487342
1946.04,244.9036264,8.92467663,11.54958152,16.04084239
1946.05,244.1019662,8.876435135,11.22607973,16.01372317
1946.06,239.9415735,8.7815,10.84773529,15.77318688
1946.07,220.1473264,8.334289916,10.44836286,14.50813611
1946.08,211.6037191,8.209112483,10.44070682,13.98493931
1946.09,178.6324982,8.168086397,10.53564767,11.84126754
1946.1,171.2498047,8.088412724,10.99095179,11.38760296
1946.11,166.5495992,7.974120438,11.37537164,11.11004366
1946.12,169.9424471,7.974827326,11.90608023,11.37277943
1947.01,170.8410192,8.012264085,12.69233081,11.46929633
1947.02,177.4679884,8.049712077,13.4785814,11.94956531
1947.03,167.1692854,7.939438356,14.0042871,11.2879031
1947.04,160.9941667,8.086461317,14.62918706,10.90082513
1947.05,158.1271473,8.233495304,15.25397675,10.73367427
1947.06,162.896825,8.342425,15.8067,11.08271586
1947.07,171.5458114,8.37604786,16.06319298,11.69644655
1947.08,165.9313211,8.371696667,16.24248682,11.33747236
1947.09,158.1242707,8.294699457,16.27441033,10.82746302
1947.1,162.2191223,8.469696616,16.48440272,11.13266204
1947.11,159.635125,8.607260404,16.622125,10.97540732
1947.12,155.1116875,8.668916667,16.61542361,10.68091253
1948.01,151.1103476,8.593145162,16.74471797,10.41934266
1948.02,144.89475,8.700539241,17.2298355,9.999761169
1948.03,147.5779861,8.772118056,17.6474375,10.18668061
1948.04,156.2590441,8.6246875,17.85817647,10.77948448
1948.05,163.1834179,8.588600941,18.28866789,11.2410327
1948.06,168.5428558,8.517326245,18.6379139,11.58389576
1948.07,162.5117346,8.478589535,19.10156199,11.13462174
1948.08,157.1171643,8.509688381,19.71357143,10.72355666
1948.09,155.3429429,8.575403571,20.40354643,10.55301369
1948.1,160.2353827,8.808492316,21.2129279,10.82540981
1948.11,152.5785625,9.080869318,22.12009955,10.24809621
1948.12,152.2096302,9.31895695,22.94667894,10.15965294
1949.01,154.5544,9.525491548,23.34415417,10.24828576
1949.02,149.8666287,9.774642451,23.84472426,9.872517141
1949.03,151.2871654,9.943757353,24.149125,9.901332491
1949.04,150.45208,10.03687146,24.11547789,9.783639868
1949.05,149.9680956,10.21436961,24.28438039,9.692295086
1949.06,141.1561825,10.30632113,24.25016736,9.067718943
1949.07,150.3970823,10.4612583,24.42087908,9.605038093
1949.08,155.1429081,10.48488039,24.28438039,9.851348638
1949.09,156.5146219,10.50840586,24.149125,9.884048362
1949.1,161.911222,10.93670056,24.11519395,10.16985084
1949.11,163.4631949,11.22903872,23.77704583,10.21586101
1949.12,169.2485286,11.6652553,23.7398178,10.5293309
1950.01,173.4626511,11.81765691,24.01214294,10.7457333
1950.02,176.8538048,11.92041915,24.18334482,10.91156407
1950.03,177.5369995,11.9722357,24.2514518,10.91094652
1950.04,182.5510127,12.0745625,24.83133778,11.1780216
1950.05,187.8944578,12.12551002,25.30390151,11.4615431
1950.06,190.1489926,12.17602941,25.77259559,11.55412614
1950.07,174.1542707,12.45864381,26.05299793,10.53974566
1950.08,183.1557094,12.78681262,26.43484465,11.04061167
1950.09,188.8382398,13.16325256,26.92033607,11.3373911
1950.1,195.0581763,13.51438045,27.09414024,11.66244404
1950.11,193.8773882,13.91585995,27.37552632,11.54217339
1950.12,190.7780875,14.1996855,27.433406,11.30666579
1951.01,201.6547013,14.13455892,26.96972378,11.89575984
1951.02,206.7240272,14.12611054,26.62351764,12.14150737
1951.03,202.4595247,14.22739147,26.48915649,11.84162649
1951.04,205.1739612,14.35216195,26.14592067,11.9510972
1951.05,204.4750236,14.42113018,25.70315383,11.86387541
1951.06,200.9319088,14.54541892,25.36124324,11.61566486
1951.07,204.4750236,14.42113018,24.70856419,11.77819009
1951.08,213.4260507,14.2967482,24.05588514,12.25698908
1951.09,217.2495996,14.06385824,23.22387117,12.44495316
1951.1,215.3143359,13.67218381,22.92019262,12.3094579
1951.11,207.7373594,13.23326313,22.53305458,11.85203062
1951.12,213.332459,12.84915708,22.23542075,12.14707257
1952.01,220.4405033,12.87950296,22.1139461,12.52705975
1952.02,218.0766991,13.00811442,22.15962275,12.36411935
1952.03,218.6276298,13.03869106,22.03722433,12.36233909
1952.04,217.1591771,13.08077604,21.77080208,12.24272868
1952.05,217.0677031,13.17225,21.58785417,12.20047876
1952.06,222.17195,13.21367217,21.32413302,12.44788158
1952.07,226.8389719,13.11469335,21.22472927,12.66911289
1952.08,227.7434335,13.11469335,21.28496642,12.67837824
1952.09,224.1255871,13.11469335,21.34529401,12.43467802
1952.1,219.4223867,12.99412862,21.46585874,12.13118356
1952.11,226.3867411,12.87347344,21.58651392,12.47346977
1952.12,235.5218034,12.75290871,21.70707865,12.93396431
1953.01,237.6782303,12.80085197,21.87947039,13.01077345
1953.02,235.6590085,12.84915708,22.05316321,12.85934688
1953.03,235.9532928,12.80085197,22.06104276,12.83481934
1953.04,224.3326612,12.83108377,22.30316952,12.16390145
1953.05,224.668264,12.8132363,22.46076651,12.14197079
1953.06,215.8102775,12.7954319,22.61727752,11.62440789
1953.07,218.8739725,12.7954319,22.73739238,11.75020165
1953.08,218.9580516,12.74786524,22.77262488,11.7150762
1953.09,208.9033973,12.74786524,22.89229322,11.13934936
1953.1,214.3905653,12.79009213,22.68828182,11.39193477
1953.11,219.9455623,12.92741264,22.65286676,11.64407027
1953.12,222.9080943,13.01718634,22.53319842,11.75444918
1954.01,228.5638374,13.0770654,22.65286676,12.00265055
1954.02,233.5911645,13.13685468,22.77262488,12.21505249
1954.03,238.5287179,13.19673374,22.89229322,12.4201053
1954.04,248.9702701,13.18587279,23.18793576,12.90786818
1954.05,257.9198369,13.0770654,23.31126707,13.31204224
1954.06,259.984632,13.01718634,23.52070911,13.3578859
1954.07,270.4881547,13.0770654,23.55060375,13.83300956
1954.08,275.8745767,13.13685468,23.58058816,14.04211235
1954.09,283.391784,13.24597528,23.69858162,14.35647414
1954.1,289.9697174,13.45619882,24.11911881,14.61923194
1954.11,301.3234104,13.66651247,24.53956589,15.1173117
1954.12,316.2902252,13.9287088,25.05358661,15.789062
1955.01,321.9883333,13.98903639,25.62638215,15.99078106
1955.02,332.7514265,14.04927353,26.19926813,16.43772822
1955.03,330.1284878,14.10960112,26.77206367,16.21928295
1955.04,341.5247041,14.1397197,27.55596055,16.68526663
1955.05,340.0775655,14.16992871,28.33976698,16.51805783
1955.06,359.7948287,14.20004728,29.12366386,17.37009196
1955.07,384.6739352,14.2972732,29.67576039,18.45403191
1955.08,382.3311096,14.44739425,30.33661741,18.22232646
1955.09,398.0565809,14.54333922,30.88215242,18.84396065
1955.1,378.037046,14.60321828,31.42079461,17.77232579
1955.11,403.5327765,14.66300756,31.9594368,18.83555929
1955.12,408.8230602,14.77782276,32.61934049,18.94236904
1956.01,397.8298018,15.04814879,32.82956402,18.29258539
1956.02,400.3528447,15.31847481,33.03987767,18.26611682
1956.03,427.9260993,15.58880084,33.25010121,19.3712101
1956.04,431.3626231,15.74029195,32.85717379,19.37059363
1956.05,416.259362,15.89075034,32.46715694,18.54450659
1956.06,410.8014756,15.9810386,31.96207721,18.15816385
1956.07,429.9249334,15.9818733,31.31744903,18.8567976
1956.08,428.9344583,16.15841838,31.01941838,18.67093711
1956.09,412.8266478,16.21693066,30.49488047,17.8366408
1956.1,406.05656,15.86527261,30.2376024,17.41895295
1956.11,401.84144,15.5724974,30.09130261,17.12033974
1956.12,406.3352772,15.22444837,29.83641893,17.19752273
1957.01,397.4980974,15.19531193,29.80728249,16.71778008
1957.02,378.9756187,15.11133676,29.67055653,15.84373314
1957.03,382.476969,15.02805261,29.53490108,15.90041711
1957.04,389.9347961,14.97418862,29.48677407,16.12370436
1957.05,403.4628813,14.92070938,29.43890458,16.59811079
1957.06,408.6444462,14.86761077,29.39146174,16.72991887
1957.07,413.9484289,14.84787191,29.32599767,16.86888238
1957.08,391.1646254,14.93320451,29.46816178,15.86894273
1957.09,375.2927624,15.0185371,29.61041122,15.15727449
1957.1,351.9116307,15.1038697,29.32599767,14.14945149
1957.11,343.1046457,15.13571919,28.93924,13.73624224
1957.12,342.9345814,15.22075132,28.6558279,13.67324606
1958.01,347.207,15.05799269,27.80805519,13.78843155
1958.02,348.389125,15.00175731,27.16075731,13.78490639
1958.03,353.097102,14.84164974,26.32925434,13.92558992
1958.04,353.7972154,14.67890776,25.65322275,13.91350177
1958.05,365.1615095,14.5674374,25.06829585,14.32382497
1958.06,373.9354131,14.45605061,24.48336894,14.63555555
1958.07,382.8885405,14.40620216,24.2601277,14.9574571
1958.08,398.585904,14.45605061,24.20486018,15.54456689
1958.09,409.1145882,14.45605061,24.06556401,15.93192318
1958.1,425.7432245,14.51178578,24.09338982,16.55980331
1958.11,437.1824353,14.51720486,24.0381223,16.98888358
1958.12,446.967715,14.62317258,24.149125,17.35835737
1959.01,463.1635629,14.62829083,24.67649193,17.98033934
1959.02,457.6635212,14.73455937,25.37471398,17.75916926
1959.03,469.2784983,14.79029455,25.9874667,18.20087185
1959.04,475.487944,14.79483652,26.70285333,18.43075305
1959.05,482.6494086,14.85029624,27.50776865,18.69272144
1959.06,476.8414854,14.85461641,28.21547251,18.4485914
1959.07,494.0646327,14.85890699,28.20154666,19.09053398
1959.08,491.2527483,14.91398684,28.28424914,18.95880364
1959.09,470.2073656,14.91806015,28.27013609,18.12329056
1959.1,468.1973214,14.92210575,28.06448671,18.02196244
1959.11,470.0865387,14.97681091,27.9549121,18.07178913
1959.12,485.1181369,15.03159821,27.84541964,18.62472898
1960.01,478.2845474,15.38513555,27.9404552,18.33828499
1960.02,458.176256,15.63392996,27.84541964,17.54527511
1960.03,451.933625,15.9351369,27.84541964,17.28602072
1960.04,456.2138089,15.90837935,27.39632277,17.42976695
1960.05,452.0388754,15.93572107,27.04153528,17.25617058
1960.06,467.1550329,15.90905194,26.59667145,17.82336382
1960.07,455.5699797,15.90905194,26.62383922,17.37680647
1960.08,461.0361668,15.90905194,26.65108857,17.58211304
1960.09,447.1667369,15.90905194,26.67825633,17.05201547
1960.1,435.413586,15.80227978,26.49920763,16.60510454
1960.11,449.5140818,15.80227978,26.49920763,17.14608845
1960.12,460.292047,15.80227978,26.49920763,17.56209083
1961.01,483.954948,15.77529435,26.01298364,18.47041699
1961.02,503.8090944,15.74822788,25.52675965,19.2340145
1961.03,519.6113742,15.72124245,25.04053565,19.84422527
1961.04,533.468758,15.72124245,24.87846099,20.38284298
1961.05,538.8982592,15.72124245,24.71638633,20.59860684
1961.06,531.766974,15.72124245,24.55431166,20.33241455
1961.07,526.7729133,15.67012572,24.4443078,20.14664374
1961.08,547.5147772,15.77632453,24.5798517,20.94168848
1961.09,541.4233825,15.77742833,24.55161042,20.70524304
1961.1,547.3801667,15.9384225,24.9272903,20.92419014
1961.11,572.1732683,16.09941667,25.3028897,21.85795772
1961.12,577.4860758,16.26041083,25.67856958,22.0414802
1962.01,555.9933546,16.31410239,26.16155208,21.1979314
1962.02,563.3726105,16.31333566,26.55601453,21.45168775
1962.03,563.934218,16.36684884,27.03739244,21.44315857
1962.04,544.1549524,16.36598995,27.21438463,20.65833645
1962.05,503.6931734,16.41924597,27.48098457,19.0893675
1962.06,444.8396767,16.47258195,27.74750455,16.82757124
1962.07,454.05137,16.47137695,27.8153288,17.14132566
1962.08,466.4048828,16.52445721,27.97472896,17.57126263
1962.09,460.7398849,16.52308553,28.04158265,17.32146115
1962.1,446.2027471,16.65550852,28.41231938,16.73982097
1962.11,476.9452188,16.78785208,28.78297667,17.85438649
1962.12,497.5990757,16.92027508,29.1537134,18.58583612
1963.01,516.8230502,16.97326017,29.25960414,19.25923169
1963.02,523.6547105,17.02616582,29.36557431,19.46919131
1963.03,519.9583734,17.02315369,29.3748373,19.28806461
1963.04,544.4242082,17.15514251,29.71791323,20.15007724
1963.05,555.3506975,17.28705216,30.06106833,20.50758586
1963.06,553.2990699,17.36211601,30.30478431,20.38414999
1963.07,543.3159817,17.33175622,30.52071824,19.96923189
1963.08,558.3403559,17.35802921,30.83536482,20.4726379
1963.09,573.0500835,17.38422353,31.1500114,20.96036009
1963.1,572.6008438,17.51070303,31.2056875,20.8913446
1963.11,569.3861875,17.69370322,31.3625,20.72039934
1963.12,579.6571525,17.81877184,31.41730825,21.03859938
1964.01,597.4759244,17.94905208,31.83409558,21.6272162
1964.02,604.8222601,18.07925415,32.25096106,21.83267083
1964.03,615.8417638,18.20953439,32.66774838,22.16724559
1964.04,624.7511497,18.33981462,33.05851092,22.42219217
1964.05,630.8470453,18.47001669,33.44927346,22.57433077
1964.06,625.0728355,18.54029597,33.7308746,22.30028804
1964.07,646.202631,18.63598071,33.98480737,22.98435185
1964.08,638.7833065,18.85189758,34.45791906,22.65040729
1964.09,647.6779795,18.94658039,34.70951407,22.89222198
1964.1,658.8595679,19.10188023,34.9166064,23.21215468
1964.11,661.3145,19.19545833,35.01104538,23.22501979
1964.12,649.8591458,19.35026042,35.21747396,22.75298477
1965.01,666.5777708,19.47928795,35.55285267,23.26933508
1965.02,671.4540365,19.60823809,35.88830879,23.37206827
1965.03,669.9260459,19.67420727,36.10795687,23.2535282
1965.04,676.5600402,19.76536664,36.40311396,23.42055195
1965.05,686.6349936,19.91918272,36.81334145,23.70880831
1965.06,649.8865791,19.94595451,36.98790032,22.38534299
1965.07,648.8931025,20.07334879,37.34455844,22.30078171
1965.08,660.967665,20.20066664,37.70114014,22.66597185
1965.09,683.0534153,20.32806092,38.05779826,23.37414683
1965.1,696.2108939,20.41629495,38.47100355,23.77574552
1965.11,702.0005895,20.56865536,39.00426498,23.92546116
1965.12,696.6035334,20.65585535,39.41319458,23.69411155
1966.01,708.6780959,20.80773664,39.7928978,24.05848339
1966.02,699.4944988,20.82862031,39.92152227,23.70002715
1966.03,668.6524081,20.91419548,40.17331075,22.61111258
1966.04,684.8482508,20.90932923,40.22361997,23.11369646
1966.05,648.811476,21.03388788,40.52268034,21.85217798
1966.06,641.4424992,21.09321721,40.69574769,21.55525338
1966.07,637.83412,21.176925,40.69439644,21.38170201
1966.08,595.6045661,21.19510359,40.56853604,19.91390386
1966.09,574.6310141,21.34280466,40.69164488,19.16167625
1966.1,566.146508,21.16410231,40.54212358,18.82540937
1966.11,594.4795239,21.11521684,40.64004131,19.71125121
1966.12,596.9751782,21.06625798,40.73788564,19.73647375
1967.01,619.8764761,21.13965957,40.49323812,20.43224213
1967.02,641.2363404,21.21306117,40.2485172,21.07444316
1967.03,654.3681083,21.22195833,39.88264583,21.4438986
1967.04,663.62671,21.15784366,39.47032213,21.68602557
1967.05,673.4841819,21.09411521,39.0604823,21.94847739
1967.06,663.049399,21.03076952,38.65310398,21.55209761
1967.07,672.4880588,21.01602909,38.46507335,21.80419625
1967.08,681.1494989,21.00130458,38.2781653,22.03062705
1967.09,688.6094245,20.98673958,38.09236979,22.21914549
1967.1,685.4911862,20.92446439,38.05099518,22.06819919
1967.11,662.0289712,20.86255769,38.00986538,21.26310297
1967.12,678.8824816,20.80101622,37.96897824,21.75159781
1968.01,673.0594839,20.74983468,38.00597791,21.5115359
1968.02,640.7991502,20.75977412,38.15371099,20.42499238
1968.03,627.2435995,20.76965561,38.30065306,19.93471131
1968.04,671.6124386,20.80285657,38.49349465,21.27735602
1968.05,685.0651779,20.83593505,38.68528831,21.63022714
1968.06,699.4199027,20.80861203,38.76386924,22.00462343
1968.07,694.0278617,20.78160217,38.74931232,21.75353742
1968.08,676.9344725,20.81426883,38.8455925,21.13776679
1968.09,696.9533796,20.84668056,38.94132407,21.68027563
1968.1,710.107415,20.81976107,38.9487076,22.00460693
1968.11,719.0163206,20.85195082,39.06612137,22.19552923
1968.12,724.47375,20.8838912,39.18280563,22.277873
1969.01,691.913132,20.8930632,39.20841081,21.19496807
1969.02,684.6749127,20.84379784,39.12428073,20.8957299
1969.03,664.2681752,20.73747576,38.93293837,20.20228762
1969.04,673.9135985,20.68974621,38.762805,20.42860808
1969.05,693.955625,20.69925,38.70049872,20.97225827
1969.06,654.1377739,20.65212056,38.53303005,19.71334158
1969.07,621.5118556,20.58365106,38.43300432,18.68170821
1969.08,614.6931331,20.51585651,38.33399469,18.42951559
1969.09,615.1843137,20.50397406,38.33917689,18.39804634
1969.1,618.4247775,20.41559258,37.89619245,18.44866203
1969.11,619.569951,20.32821824,37.45799758,18.43776008
1969.12,583.6145302,20.2417069,37.02438793,17.32692991
1970.01,576.9596505,20.20943164,36.60700694,17.0905414
1970.02,553.9046671,20.12429202,36.09658684,16.37258679
1970.03,560.4240658,20.03998069,35.59151145,16.53169081
1970.04,539.121375,19.90471243,35.08416243,15.87306782
1970.05,475.850375,19.87404169,34.76391669,13.98383606
1970.06,470.4722574,19.7923241,34.35648711,13.7996918
1970.07,468.86455,19.71144464,33.8500762,13.72649974
1970.08,482.4871333,19.7321262,33.51979047,14.10045652
1970.09,508.7333527,19.65196652,33.02023214,14.84266115
1970.1,517.1222529,19.45003625,32.38268949,15.0641854
1970.11,513.9616806,19.25020667,31.75164764,14.95076191
1970.12,546.3891222,19.05232475,31.12688725,15.87384069
1971.01,567.2617327,18.99164856,31.30891583,16.46179394
1971.02,587.7497566,18.88352632,31.41201974,17.03453478
1971.03,601.3132125,18.77594469,31.51460813,17.40290261
1971.04,620.2892456,18.70906787,31.63673886,17.92411045
1971.05,608.8216129,18.59620449,31.67951729,17.56415328
1971.06,593.1405776,18.43898707,31.64368103,17.08316688
1971.07,587.4111486,18.37392406,31.7835119,16.88941471
1971.08,575.5541458,18.30912079,31.92259812,16.51944944
1971.09,588.3389767,18.28941085,32.1396443,16.85679255
1971.1,574.4421446,18.2053109,32.5924621,16.42886271
1971.11,547.8131583,18.16598739,33.12386094,15.63871265
1971.12,582.6931207,18.03839751,33.49148723,16.60355721
1972.01,606.9597597,18.03839751,33.70694913,17.2629968
1972.02,615.1302542,17.95104449,33.75807938,17.46414761
1972.03,628.2272373,17.90768448,33.89043871,17.80564385
1972.04,633.1144096,17.86453343,34.1191058,17.91516168
1972.05,625.2069141,17.82158984,34.34673159,17.6626462
1972.06,625.444964,17.77885222,34.57320773,17.64085732
1972.07,617.8487351,17.71318146,34.73479885,17.39869003
1972.08,638.226875,17.69021153,34.97788014,17.94340469
1972.09,627.5330819,17.66729335,35.21986401,17.61385455
1972.1,625.7078251,17.71695132,35.58616202,17.53318385
1972.11,655.557615,17.80810016,36.03385487,18.33889471
1972.12,667.6522794,17.89876324,36.47938412,18.64571944
1973.01,671.1869484,17.89455831,37.11181976,18.71253047
1973.02,642.8508333,17.80691179,37.56528679,17.8898896
1973.03,626.8733603,17.67961345,37.92472286,17.41214206
1973.04,610.9285522,17.65029637,38.45764773,16.93574007
1973.05,589.7007289,17.62132496,38.98334389,16.31433876
1973.06,572.5855882,17.59280147,39.50184926,15.80832305
1973.07,576.7443397,17.64396127,40.2485235,15.88951857
1973.08,555.8046951,17.42019353,40.35565098,15.27850109
1973.09,564.1919469,17.47071654,41.08556886,15.4753086
1973.1,581.4855099,17.51166385,41.55487164,15.91351631
1973.11,536.6472222,17.59008586,42.10749817,14.65184516
1973.12,495.4229583,17.66754167,42.653,13.49332969
1974.01,498.0627476,17.61953326,42.63237815,13.53072189
1974.02,478.121977,17.49788294,42.43149636,12.95732128
1974.03,492.2783975,17.37928661,42.23570816,13.31036424
1974.04,465.1725203,17.40749427,42.69701139,12.55041105
1974.05,445.5662631,17.29196605,42.79925573,11.99543695
1974.06,442.5203946,17.249375,43.07415357,11.88849882
1974.07,387.7058914,17.25635855,43.32827208,10.39414181
1974.08,367.2115948,17.194177,43.40404343,9.824195723
1974.09,325.1064022,17.13347011,43.47797011,8.680421306
1974.1,328.1634521,16.98156073,42.70600263,8.744983834
1974.11,336.3996558,16.86532688,42.03040322,8.948984513
1974.12,312.0774208,16.75083815,41.36526421,8.289060056
1975.01,336.3263935,16.79467353,40.52663514,8.920995508
1975.02,368.44665,16.77407422,39.54324922,9.762246716
1975.03,383.9115166,16.81732234,38.72108278,10.16379677
1975.04,386.7512042,16.81459293,37.82907933,10.23307614
1975.05,408.9917599,16.78032818,36.87430669,10.81813912
1975.06,416.3020802,16.71515928,35.8632528,11.01135461
1975.07,412.0945703,16.53012062,35.16919056,10.90276705
1975.08,381.1825974,16.49967841,34.80796172,10.08976959
1975.09,374.4883542,16.40902083,34.32183333,9.918905357
1975.1,389.5970858,16.27536658,34.42754684,10.32759978
1975.11,393.3294193,16.1139731,34.46962257,10.43585946
1975.12,385.9508806,16.01239279,34.6355018,10.25036842
1976.01,420.6986057,15.99805694,35.58664574,11.18505136
1976.02,435.376698,15.95517109,36.46894394,11.58609299
1976.03,436.7578779,15.94101453,37.41170349,11.6317544
1976.04,438.6445343,15.98461147,38.1249253,11.68916413
1976.05,432.5471593,15.97120547,38.69557484,11.53205359
1976.06,432.8135431,15.98604049,39.32736026,11.54384163
1976.07,440.6898117,16.02892885,39.54366353,11.75749049
1976.08,434.6001067,16.0713689,39.75770579,11.597986
1976.09,442.3147027,16.14134223,40.03891385,11.80599095
1976.1,425.0079167,16.33577779,40.33195833,11.34569614
1976.11,421.3605948,16.58516105,40.76205754,11.24885586
1976.12,434.4352899,16.80480348,41.11990185,11.59758973
1977.01,428.4921667,16.91128135,41.14296746,11.43796135
1977.02,412.7007826,16.93025281,40.95667083,11.01484185
1977.03,408.3028529,17.00585441,40.91145882,10.89574651
1977.04,398.6618052,17.09222744,41.02654598,10.63603741
1977.05,395.5170124,17.23410516,41.27658153,10.54848669
1977.06,395.0192127,17.34599423,41.45533484,10.53002396
1977.07,396.6790697,17.44544667,41.63427916,10.56769245
1977.08,385.715191,17.57255275,41.87939679,10.26838567
1977.09,378.4805047,17.69887011,42.12331087,10.06774282
1977.1,367.4900938,17.86357036,42.22176563,9.7666663
1977.11,367.815752,17.99804246,42.25121547,9.766299984
1977.12,364.8423362,18.1604531,42.34846558,9.678266583
1978.01,348.713365,18.21164725,42.116074,9.241462261
1978.02,341.6198955,18.26222868,41.88663812,9.045263571
1978.03,338.3162906,18.28324921,41.59439196,8.950420078
1978.04,350.3701688,18.27877127,41.65931919,9.262588721
1978.05,364.7079483,18.24599308,41.65892545,9.634910729
1978.06,361.7183355,18.18592082,41.59427512,9.549678981
1978.07,357.2379694,18.18230627,41.69418107,9.425524048
1978.08,380.1657708,18.23379683,41.91958794,10.02397085
1978.09,377.3073816,18.22986579,42.01584605,9.941887473
1978.1,362.0569262,18.12685148,42.55176596,9.533608358
1978.11,339.3417847,18.10586021,43.27028752,8.928418902
1978.12,342.8319651,18.08509066,43.98208438,9.011941819
1979.01,352.5489391,18.07942099,44.73881748,9.257636919
1979.02,343.2950143,18.02157285,45.3510782,9.003740371
1979.03,346.3219789,17.99075215,46.01480838,9.07078503
1979.04,349.2387624,17.94652828,46.26883416,9.133063566
1979.05,336.838075,17.87822208,46.45177075,8.79438329
1979.06,339.6910114,17.8362832,46.69498859,8.853937765
1979.07,339.2770366,17.828298,46.89984718,8.827498046
1979.08,351.4384858,17.84459998,47.16376468,9.127165797
1979.09,351.5542862,17.83668616,47.35947704,9.112758991
1979.1,335.5829205,17.84424447,47.22791711,8.681843307
1979.11,329.9425906,17.8281313,47.03606846,8.518784303
1979.12,339.4101271,17.78912076,46.78696186,8.745204405
1980.01,344.2336713,17.69280366,46.57025284,8.850934181
1980.02,352.9016619,17.59917221,46.35989248,9.054476092
1980.03,315.6571021,17.4862578,46.09739341,8.081150901
1980.04,307.081466,17.43110675,45.23727387,7.844024505
1980.05,317.9536384,17.39838176,44.45062719,8.104225807
1980.06,334.6420466,17.34532074,43.62610973,8.512077962
1980.07,349.8265024,17.47184814,43.33410097,8.880865527
1980.08,358.0332458,17.47164552,42.73206513,9.071005982
1980.09,363.6743229,17.45061771,42.088475,9.196040132
1980.1,370.7801975,17.37142246,41.86228037,9.357841047
1980.11,383.279095,17.31393406,41.68901579,9.654043663
1980.12,373.5698943,17.23738239,41.47045568,9.389902085
1981.01,369.1762787,17.20972126,40.91472443,9.259404531
1981.02,352.7585495,17.14340614,40.27601507,8.829899354
1981.03,363.4647966,17.13632825,39.78466017,9.081096884
1981.04,364.2696296,17.12032025,39.90514165,9.085561231
1981.05,354.1692386,17.08545215,39.97971009,8.818483467
1981.06,352.6411962,17.03232988,40.0086497,8.765340744
1981.07,340.3550259,16.96062122,39.80044709,8.445319468
1981.08,339.0819718,16.94538607,39.72517981,8.399806317
1981.09,306.5280566,16.89402307,39.5662166,7.581163052
1981.1,309.7500187,16.95265989,39.55905915,7.649141713
1981.11,316.7478615,16.99286556,39.50972105,7.810752566
1981.12,318.0491144,17.03284029,39.46069787,7.832562137
1982.01,300.3915549,17.05547959,38.86575031,7.388659973
1982.02,292.2912064,17.07797529,38.27432092,7.181823451
1982.03,283.1452963,17.17271111,37.84640648,6.950673794
1982.04,295.9476541,17.17666952,37.14410252,7.259072625
1982.05,293.4194311,17.09092563,36.25721395,7.192612484
1982.06,273.1091765,16.95417951,35.2776393,6.692133988
1982.07,270.9655667,16.90025119,34.59318812,6.6386531
1982.08,271.1524066,16.89862829,34.01961639,6.643422752
1982.09,301.9257303,16.89698736,33.44863483,7.3988382
1982.1,326.3328806,16.86176995,32.59221979,7.999840995
1982.11,340.3055268,16.91259327,31.9032119,8.347476938
1982.12,344.9168058,16.99841073,31.27509631,8.467738401
1983.01,356.3107094,16.99656407,31.03014408,8.756783224
1983.02,362.1135393,17.01210888,30.81739156,8.910493437
1983.03,374.6937781,17.04499017,30.63658146,9.232829705
1983.04,386.2390479,16.94847312,30.55795009,9.531581284
1983.05,399.4830053,16.87030607,30.51091012,9.874456505
1983.06,403.8607437,16.84371131,30.55653103,10.0001179
1983.07,403.6940816,16.82461562,31.00636453,10.014476
1983.08,391.398992,16.82244436,31.48375894,9.728056936
1983.09,400.9666038,16.78687934,31.89507075,9.984202458
1983.1,400.9711151,16.8087474,32.38206382,10.0033918
1983.11,394.2129891,16.84711685,32.89888751,9.853581649
1983.12,391.9166979,16.90200358,33.44641893,9.815010904
1984.01,394.3488126,16.873579,34.22113494,9.894931809
1984.02,370.9626331,16.86193787,35.02094788,9.324529646
1984.03,370.4748806,16.89968007,35.91770443,9.326747067
1984.04,369.1466634,16.91921427,36.47735872,9.305643405
1984.05,365.740133,16.97134644,37.10347235,9.231831817
1984.06,356.5314405,17.02315369,37.72573047,9.010185512
1984.07,350.5218816,17.01186387,37.85914697,8.868302214
1984.08,379.9154211,17.00068358,37.99154211,9.623063257
1984.09,382.0161583,16.973385,38.08662,9.687341314
1984.1,377.9464198,17.03969599,38.03934394,9.595070703
1984.11,381.386466,17.1543642,38.10034742,9.691973222
1984.12,377.2584105,17.26903241,38.16158025,9.595054801
1985.01,392.7952464,17.33547799,37.89856094,9.997001178
1985.02,412.1298785,17.3524449,37.52979065,10.49493517
1985.03,407.1760362,17.38555428,37.19963898,10.37321721
1985.04,407.9824111,17.36448594,36.43829619,10.39711872
1985.05,416.1391624,17.35975492,35.71729858,10.60812047
1985.06,423.956293,17.37121073,35.03418599,10.81004985
1985.07,431.234375,17.41364729,34.68535688,10.99756396
1985.08,421.0444664,17.45594904,34.33804332,10.73879981
1985.09,410.5128266,17.48191505,33.96040386,10.47123466
1985.1,413.6676242,17.46201679,33.37622352,10.55251698
1985.11,437.5644209,17.45826651,32.82663673,11.16461113
1985.12,458.015884,17.45453683,32.27984595,11.69052147
1986.01,458.7452395,17.4948953,32.12538709,11.71500758
1986.02,484.750048,17.63129163,32.14727985,12.3882191
1986.03,515.6104538,17.80110133,32.22842785,13.18902298
1986.04,529.2349678,17.89318966,32.4285391,13.55250417
1986.05,528.8857955,17.90301702,32.47979698,13.5600462
1986.06,540.984508,17.8637363,32.44142728,13.88868863
1986.07,529.7369703,17.95929626,32.54441944,13.61999553
1986.08,539.3377963,18.02196146,32.5876702,13.88766755
1986.09,522.2083927,18.03514508,32.5421512,13.46731431
1986.1,519.7644855,18.05529145,32.24269439,13.42591886
1986.11,536.136824,18.07537945,31.94356133,13.8729856
1986.12,543.3006765,18.09545294,31.64518824,14.08513981
1987.01,574.4103923,18.02497639,31.89486998,14.9222081
1987.02,607.8395352,18.00364875,32.2276132,15.82231814
1987.03,630.1176684,17.96643198,32.52915143,16.43334398
1987.04,619.9061102,17.99934783,31.87020238,16.19653445
1987.05,617.2866523,18.06380172,31.27365068,16.16031195
1987.06,641.2816101,18.12780132,30.68109097,16.82520731
1987.07,658.0530459,18.17904962,31.61880163,17.30600439
1987.08,695.3428125,18.1822013,32.46621875,18.32690725
1987.09,669.2457511,18.18534109,33.30479326,17.67562045
1987.1,586.8677212,18.24274751,34.36317859,15.53005556
1987.11,512.6980611,18.33157149,35.47724098,13.59088514
1987.12,504.3274805,18.43620375,36.62129008,13.38902851
1988.01,522.8483848,18.4858108,37.28462097,13.89833668
1988.02,537.3180313,18.53514044,37.94472902,14.29827096
1988.03,550.7658809,18.55233208,38.53495569,14.66894681
1988.04,541.5508305,18.64974437,40.45483692,14.43331642
1988.05,526.3481628,18.77809242,42.42703252,14.03189135
1988.06,553.9972998,18.88952744,44.34843549,14.76646865
1988.07,548.3991171,18.96607065,44.88130166,14.60831572
1988.08,535.1364926,19.04195034,45.40989289,14.24494631
1988.09,540.2308431,19.06934245,45.81883232,14.36942878
1988.1,557.3184089,19.18670081,46.3560737,14.81145015
1988.11,544.0077203,19.35141854,47.00688407,14.44553068
1988.12,554.1272251,19.53974844,47.59682313,14.70208675
1989.01,569.1296676,19.56922649,48.17860116,15.08807244
1989.02,583.8686472,19.65426981,48.77487747,15.46706046
1989.03,577.9598436,19.76555529,49.28554047,15.29896911
1989.04,593.0365952,19.78756939,49.13532812,15.68674266
1989.05,612.3110127,19.88362487,49.02643,16.18635354
1989.06,629.9010284,20.17940582,49.07662631,16.64190424
1989.07,644.300208,20.23421018,47.96823784,17.01340765
1989.08,671.756559,20.440897,46.90279494,17.73425144
1989.09,670.959289,20.7296089,45.7674217,17.71422068
1989.1,667.9463396,20.75882626,45.04254034,17.64085385
1989.11,652.5442673,20.95219516,44.42997833,17.24236927
1989.12,667.5959536,21.18075515,43.7978183,17.6502129
1990.01,644.4252768,21.11626786,42.63059821,17.04884361
1990.02,623.4436216,21.18708389,41.65724063,16.50809352
1990.03,635.0825833,21.24072222,40.66134722,16.83374823
1990.04,633.5726216,21.42640015,40.34215309,16.8139139
1990.05,654.6618445,21.59458869,39.99315657,17.39241359
1990.06,669.9848467,21.67658179,39.5235102,17.81708282
1990.07,666.7491928,21.71698958,39.66827128,17.74717159
1990.08,606.9394448,21.62282558,39.6001609,16.16833476
1990.09,573.9921263,21.52857187,39.56307291,15.30128544
1990.1,555.5564996,21.57448458,39.08486136,14.81814797
1990.11,569.0566234,21.68241281,38.75645784,15.1876076
1990.12,593.3501378,21.82084613,38.51586902,15.84631497
1991.01,583.9746431,21.72111528,38.00580681,15.60619012
1991.02,648.9808622,21.70071186,37.6688729,17.35466475
1991.03,665.9434263,21.66265954,37.45797611,17.81862008
1991.04,678.1760192,21.66633774,36.37247612,18.1553459
1991.05,673.1657639,21.62023433,35.36297422,18.03543091
1991.06,671.7185659,21.57440211,34.46577325,18.01522704
1991.07,674.1719382,21.61949529,33.40451652,18.10345235
1991.08,688.4091709,21.63291346,32.40508501,18.51225846
1991.09,681.5263265,21.61452296,31.36570026,18.35728259
1991.1,679.971869,21.53613343,30.23614571,18.34918799
1991.11,676.3156981,21.42700338,29.06780055,18.28886817
1991.12,680.3608813,21.36470812,27.96675317,18.44165231
1992.01,727.5863816,21.40371398,28.06037394,19.77306821
1992.02,718.8285,21.39619444,28.0926109,19.58298297
1992.03,706.2015477,21.3580201,28.06707349,19.28356186
1992.04,705.2756284,21.32739928,28.53457148,19.30122951
1992.05,717.057877,21.29686614,28.98361733,19.6622798
1992.06,703.2356108,21.22091441,29.36822976,19.31536597
1992.07,713.3874969,21.21565086,29.87272544,19.62074069
1992.08,716.2983542,21.19552762,30.3535134,19.7221375
1992.09,715.2106037,21.19243808,30.83157926,19.70876642
1992.1,702.5045178,21.09506112,31.31892868,19.37027108
1992.11,719.0997194,21.05956758,31.87004243,19.83365604
1992.12,741.3900504,21.08581105,32.48814632,20.44860672
1993.01,737.0563586,21.02176251,32.7520391,20.3234108
1993.02,745.3996165,21.00467604,33.05949397,20.54533679
1993.03,757.0313447,20.98754039,33.3648078,20.85520015
1993.04,743.0551601,20.95154607,32.98703394,20.45736202
1993.05,745.658662,20.94492799,32.65658374,20.51760563
1993.06,749.3252734,20.93816101,32.32704891,20.60835701
1993.07,748.037543,20.93816101,32.92910466,20.56459641
1993.08,757.3786006,20.88032079,33.43853289,20.81222755
1993.09,764.3173098,20.8371499,33.96854867,20.99350101
1993.1,768.8935544,20.78449056,34.6408176,21.10917825
1993.11,766.6933108,20.80336145,35.42865458,21.03790119
1993.12,771.7616457,20.83648783,36.25681387,21.16473208
1994.01,781.2787027,20.85100203,36.5981476,21.41197491
1994.02,776.2947762,20.85137843,36.9287366,21.26384019
1994.03,760.910711,20.85158823,37.2572438,20.83337589
1994.04,732.7145979,20.89423581,38.56651306,20.05525009
1994.05,738.226472,20.95112596,39.89926619,20.19649242
1994.06,742.1450354,20.95099764,41.11878041,20.29076369
1994.07,734.5630071,20.94334493,42.16333078,20.06795182
1994.08,752.4154221,20.90763171,43.14427567,20.5355494
1994.09,754.7975509,20.88398226,44.1764114,20.5764501
1994.1,749.2043924,21.02072297,45.90756739,20.39575928
1994.11,743.6865809,21.12717738,47.60458776,20.20947302
1994.12,734.2979431,21.2454226,49.36294088,19.91148411
1995.01,747.5302998,21.17667781,50.21025657,20.21911942
1995.02,771.235674,21.09247631,51.05083416,20.80257176
1995.03,786.6011224,21.00686765,51.9190237,21.1527373
1995.04,807.4774245,21.05425327,52.74445526,21.64273926
1995.05,831.1138743,21.11334833,53.63469889,22.1954267
1995.06,854.0872504,21.15621705,54.52159828,22.71835676
1995.07,882.6228066,21.28290098,54.91748557,23.37641269
1995.08,883.0619541,21.33778147,55.16866817,23.28407026
1995.09,912.3230468,21.40633926,55.45471394,23.94600708
1995.1,915.8755982,21.44668551,54.63531349,23.92676276
1995.11,936.2974226,21.5707028,54.03162332,24.34758688
1995.12,966.8617428,21.69488168,53.42698925,25.02738066
1996.01,960.9912813,21.72998953,53.15732297,24.76246519
1996.02,1012.641876,21.82104957,53.0272068,25.97606555
1996.03,1003.607856,21.86914981,52.79616024,25.6299304
1996.04,999.9097394,21.87280345,53.04155222,25.42420385
1996.05,1019.675985,21.9181838,53.38714607,25.81404383
1996.06,1030.229104,21.99157714,53.79999705,25.96667356
1996.07,990.6832445,22.14951592,54.25600834,24.85841133
1996.08,1017.364409,22.30685227,54.71043375,25.41252912
1996.09,1032.811247,22.43511866,55.09306084,25.68011551
1996.1,1070.097614,22.48629833,56.30727756,26.48346772
1996.11,1120.163101,22.56557582,57.586375,27.58561205
1996.12,1131.704739,22.6873873,58.97198053,27.72394616
1997.01,1163.01336,22.69699,59.55058868,28.33287013
1997.02,1208.04636,22.70668384,60.12572277,29.26563488
1997.03,1195.623179,22.73036391,60.73504938,28.80245859
1997.04,1151.575597,22.75218404,60.81494348,27.58516034
1997.05,1256.614275,22.81677509,61.00889532,29.92836222
1997.06,1320.127058,22.8384738,61.08839793,31.25656062
1997.07,1392.208341,22.8953265,61.05741386,32.76663769
1997.08,1392.539469,22.93761386,60.98855512,32.58628349
1997.09,1403.735304,22.9656381,60.88216129,32.66658134
1997.1,1421.391196,22.99352362,60.27313758,32.90149818
1997.11,1403.96882,23.09239518,59.85199886,32.33660053
1997.12,1440.817943,23.20591677,59.46703317,33.03078904
1998.01,1439.62259,23.23755531,59.26697386,32.85996842
1998.02,1527.018235,23.26907659,59.06765596,34.70967778
1998.03,1603.236885,23.28559279,58.86907537,36.29692774
1998.04,1652.84042,23.406075,58.478035,37.27693404
1998.05,1644.187539,23.51127956,58.08843581,36.95659852
1998.06,1642.125685,23.63058551,57.73566879,36.80229346
1998.07,1711.421262,23.70032417,57.23091072,38.25964509
1998.08,1588.196616,23.76974432,56.72724049,35.42340102
1998.09,1506.574752,23.82438127,56.22494934,33.53235698
1998.1,1520.319944,23.80558897,55.9012486,33.77310288
1998.11,1685.181898,23.8300326,55.71482914,37.36939188
1998.12,1753.426858,23.86917785,55.56214178,38.82027478
1999.01,1835.465784,23.93355155,55.75513136,40.57695768
1999.02,1830.019224,24.02678901,56.01520444,40.40015923
1999.03,1875.816215,24.07594583,56.17232833,41.35610363
1999.04,1939.427562,23.90211229,57.04540599,42.70450952
1999.05,1935.518949,23.90211229,58.32406002,42.55667671
1999.06,1921.686238,23.90211229,59.60271405,42.18067591
1999.07,2000.581892,23.92216862,60.84362627,43.82803599
1999.08,1918.475281,23.956433,62.11426646,41.93071216
1999.09,1895.92925,23.93337939,63.22784604,41.32345133
1999.1,1866.474672,23.91462101,65.12989341,40.5528544
1999.11,1995.925899,23.92432625,67.10481754,43.20829071
1999.12,2049.992389,23.94824101,69.11844036,44.19793976
2000.01,2039.499473,23.91068577,70.23942775,43.77257815
2000.02,1975.264737,23.80305391,71.14368254,42.18563589
2000.03,2034.352194,23.6413163,71.86903731,43.22074844
2000.04,2060.161431,23.59932005,72.28290343,43.52857429
2000.05,1997.379057,23.54363673,72.65389813,41.9660505
2000.06,2047.857006,23.39271389,72.72752726,42.78197157
2000.07,2058.545204,23.17552023,73.388371,42.75809362
2000.08,2075.958288,23.01247637,74.21756549,42.86956549
2000.09,2040.997292,22.73104167,74.65791667,41.89800792
2000.1,1929.348542,22.65484006,72.81747653,39.36969904
2000.11,1911.456646,22.60483862,71.06491504,38.78214246
2000.12,1847.172123,22.58081976,69.39403736,37.274238
2001.01,1842.050018,22.30104804,66.86176927,36.978868
2001.02,1793.670078,22.07488275,64.5075603,35.83466265
2001.03,1625.269006,21.88771432,62.27787968,32.32583724
2001.04,1624.284618,21.6736918,58.09532295,32.17390117
2001.05,1726.411026,21.4492791,53.91537906,34.07464322
2001.06,1680.548462,21.286504,49.91271397,33.06853441
2001.07,1638.671189,21.36914122,46.20759336,32.16303869
2001.08,1603.365849,21.39181646,42.36187354,31.40431876
2001.09,1414.870552,21.31840872,38.34333868,27.66739259
2001.1,1463.067332,21.39038984,36.8329648,28.57737311
2001.11,1537.811924,21.42656299,35.25264038,30.00510381
2001.12,1564.745766,21.51144468,33.74317466,30.49995326
2002.01,1554.775484,21.45831341,33.67150725,30.27720443
2002.02,1494.950361,21.36930446,33.54346965,29.08570415
2002.03,1558.334392,21.24528726,33.36036843,30.29213064
2002.04,1493.444748,21.26591467,34.08814196,29.00588325
2002.05,1449.5519,21.40470275,35.00145704,28.12810751
2002.06,1361.183754,21.53151556,35.89480837,26.38767254
2002.07,1211.599548,21.40033509,37.32990783,23.46312047
2002.08,1219.550859,21.22236331,38.67601978,23.58871353
2002.09,1157.837136,21.08045166,40.07954227,22.3650368
2002.1,1138.36551,21.16544932,38.92542358,21.95623386
2002.11,1212.025003,21.28532915,37.83762516,23.3483965
2002.12,1200.354351,21.45253946,36.83108672,23.10144254
2003.01,1190.630277,21.42454018,37.87837438,22.89834858
2003.02,1103.961884,21.32667129,38.78895501,21.21410212
2003.03,1109.955141,21.26486469,39.75035125,21.30971903
2003.04,1169.39313,21.28924494,41.6894307,22.42793958
2003.05,1231.750138,21.30211644,43.61318815,23.59108045
2003.06,1298.820659,21.25701422,45.41928518,24.83222326
2003.07,1303.369904,21.41773946,47.13390937,24.8673291
2003.08,1294.489906,21.51966989,48.7125091,24.64225141
2003.09,1329.297192,21.63250452,50.30633059,25.24368675
2003.1,1355.914628,22.00398651,54.7815286,25.68275607
2003.11,1374.209558,22.41265675,59.36278135,25.94679822
2003.12,1415.979948,22.7863963,63.8648048,26.63517051
2004.01,1476.747681,22.94949244,64.97140398,27.65854036
2004.02,1482.875594,23.09859915,66.03181798,27.65086204
2004.03,1448.406271,23.22130376,67.00931163,26.88653038
2004.04,1455.83257,23.39553528,68.57238242,26.90057751
2004.05,1408.311585,23.50634025,69.9400888,25.90281429
2004.06,1442.02229,23.67810886,71.47988238,26.40128537
2004.07,1409.995242,23.95361994,72.28162071,25.69588865
2004.08,1387.701751,24.17886007,72.93163186,25.17446223
2004.09,1421.301266,24.3653099,73.46471571,25.66840678
2004.1,1413.286744,24.35574402,73.40878595,25.41165567
2004.11,1477.951737,24.46099852,73.69908357,26.46531081
2004.12,1521.800956,24.66941618,74.30011922,27.14480869
2005.01,1496.068053,24.95114104,74.84920198,26.5872507
2005.02,1510.428302,25.13960006,75.12081828,26.74486313
2005.03,1492.798213,25.27350226,75.233332,26.33914213
2005.04,1445.01365,25.39422377,75.9882539,25.40892257
2005.05,1463.705299,25.71020527,77.32523324,25.65023019
2005.06,1492.713909,25.98669338,78.54363226,26.06839487
2005.07,1510.543835,26.08945899,79.50425851,26.28787109
2005.08,1505.348741,26.1779466,80.41511074,26.10438141
2005.09,1489.179845,26.0805691,80.74408143,25.73012299
2005.1,1445.01963,26.33127485,81.93972684,24.87653872
2005.11,1512.216741,26.85001398,83.97198273,25.93178331
2005.12,1548.673079,27.2659328,85.6876727,26.44380311
2006.01,1557.247131,27.28700929,86.19236361,26.46870263
2006.02,1551.58432,27.45894468,87.16938813,26.24962476
2006.03,1563.698147,27.53338676,87.83367937,26.32783778
2006.04,1560.60874,27.56475806,87.81972124,26.14728094
2006.05,1538.400629,27.69099667,88.10952356,25.65064071
2006.06,1491.520896,27.89824988,88.65787685,24.74958224
2006.07,1495.513184,28.07706622,90.010375,24.69678677
2006.08,1524.450527,28.28254561,91.44452875,25.05139356
2006.09,1568.372005,28.6837808,93.51388621,25.64415644
2006.1,1631.537861,29.15127279,95.19637729,26.53804028
2006.11,1664.240245,29.50627581,96.51260726,26.92802027
2006.12,1695.010091,29.77354955,97.541882,27.28268979
2007.01,1699.085935,29.92552724,97.89723641,27.20753666
2007.02,1714.536966,30.00756142,98.02496435,27.31518141
2007.03,1654.554688,29.97590461,97.78330592,26.22760555
2007.04,1710.112214,30.04726967,97.84154357,26.97626831
2007.05,1754.887436,30.12800252,97.93245994,27.54849045
2007.06,1755.028201,30.33244707,98.42687831,27.41826274
2007.07,1763.03371,30.65318917,96.00956022,27.41008817
2007.08,1689.510728,31.02310676,93.73910655,26.14860719
2007.09,1734.094586,31.2505824,91.0413557,26.72574305
2007.1,1779.561291,31.47282774,86.06194469,27.32064813
2007.11,1681.420328,31.57424242,80.7969697,25.72905358
2007.12,1700.749809,31.88287895,76.09119829,25.95551011
2008.01,1577.404187,31.94256064,73.50678801,24.02231776
2008.02,1545.583699,32.06680919,71.09226427,23.4952634
2008.03,1489.404138,32.00611805,68.29856781,22.60681084
2008.04,1540.600929,31.96681072,64.50693313,23.35604064
2008.05,1564.244211,31.85221936,60.6165719,23.69643212
2008.06,1480.246505,31.68527655,56.69357911,22.4168128
2008.07,1380.381305,31.57099971,54.41395556,20.90720646
2008.08,1412.521987,31.74896146,52.64059378,21.40161736
2008.09,1343.261481,31.84444204,50.71931063,20.36273395
2008.1,1080.267268,31.99842041,39.68859719,16.38735655
2008.11,1003.866934,32.44893608,28.68981607,15.25965941
2008.12,1008.062967,32.61190987,17.09282208,15.37608075
2009.01,989.9925462,32.03977818,13.9611694,15.17465194
2009.02,916.4109996,31.45256054,10.84963492,14.1221818
2009.03,859.5793789,30.94862688,7.788245796,13.32366766
2009.04,960.5177438,30.24114306,8.014223781,14.98186645
2009.05,1019.022702,29.52543401,8.235804389,15.99635576
2009.06,1036.889822,28.65072621,8.408243603,16.38418282
2009.07,1049.413941,28.06451336,10.30178461,16.69462082
2009.08,1129.761575,27.37141018,12.15471124,18.0940698
2009.09,1167.990245,26.72439505,14.02192109,18.83190226
2009.1,1192.682607,26.14385536,28.31847601,19.35800844
2009.11,1214.622957,25.57093129,42.59837332,19.81276108
2009.12,1241.71473,25.06063428,56.99868493,20.3223765
2010.01,1252.196665,24.78582195,60.50459863,20.5278598
2010.02,1213.534171,24.59023391,64.18864411,19.92053931
2010.03,1278.356459,24.3010342,67.61013763,21.00460121
2010.04,1326.286087,24.31059253,69.77110517,21.8048456
2010.05,1245.27746,24.34341482,71.99349096,20.48006864
2010.06,1200.293444,24.41890739,74.34249937,19.74203985
2010.07,1196.096765,24.52821759,76.08436726,19.66866047
2010.08,1202.721822,24.60870379,77.73459594,19.77029917
2010.09,1240.495066,24.70863462,79.44351158,20.38139523
2010.1,1293.608089,24.81776559,81.36531867,21.24012765
2010.11,1323.20601,24.94713153,83.35086448,21.70072383
2010.12,1367.916779,25.04389614,85.22416923,22.39637977
2011.01,1406.490272,25.18103954,86.26763162,22.97829943
2011.02,1441.599394,25.31208414,87.28467928,23.4898287
2011.03,1409.706671,25.31980108,87.86824693,22.89933643
2011.04,1429.699582,25.48350126,88.22230652,23.14392945
2011.05,1430.272764,25.68836044,88.72120605,23.05949151
2011.06,1377.221853,26.04042594,89.72927379,22.10083129
2011.07,1416.514503,26.31666936,90.75794773,22.6109817
2011.08,1263.510532,26.5427713,91.61342336,20.04985272
2011.09,1249.42923,26.80054862,92.57790781,19.69811457
2011.1,1287.570794,27.30034329,92.75859577,20.15582479
2011.11,1309.153069,27.76816684,92.82623481,20.3452468
2011.12,1330.474764,28.28270117,93.04505737,20.5235755
2012.01,1385.651468,28.48552293,93.20210244,21.21300809
2012.02,1434.640239,28.68594533,93.35572716,21.79743596
2012.03,1462.515276,28.79257205,93.21003032,22.05394397
2012.04,1455.160978,29.04521311,92.71237622,21.77924691
2012.05,1409.416134,29.4190981,92.60413329,20.94146742
2012.06,1392.76462,29.80256147,92.52264139,20.54750409
2012.07,1433.300911,30.29743477,92.17475401,20.99934129
2012.08,1471.144917,30.57351057,91.16846146,21.41042845
2012.09,1506.32133,30.87947248,90.26949541,21.7836903
2012.1,1501.061094,31.46915811,90.3080971,21.57710965
2012.11,1462.77691,32.19939278,90.74151822,20.89816206
2012.12,1495.945531,32.86833055,90.99005683,21.23826114
2013.01,1552.473712,33.07203862,91.13774347,21.90047541
2013.02,1573.053902,33.101559,90.80998551,22.05272434
2013.03,1608.914587,33.31264381,90.98470452,22.41920711
2013.04,1631.224681,33.74887931,92.20447229,22.5956554
2013.05,1700.002195,34.08975196,93.16368098,23.41184178
2013.06,1674.141731,34.40803535,94.06104044,22.92533317
2013.07,1725.079278,34.78388154,95.20252578,23.49246018
2013.08,1724.462524,35.13101885,96.26525583,23.35664909
2013.09,1740.074877,35.47868665,97.32917613,23.44228717
2013.1,1778.545532,35.7736475,99.58991915,23.83473789
2013.11,1847.990527,36.05063547,101.8072985,24.64207709
2013.12,1873.267218,36.25752025,103.8297665,24.8618693
2014.01,1881.376196,36.54985217,103.668609,24.85960909
2014.02,1868.972621,36.84033889,103.5095236,24.59093088
2014.03,1904.515894,37.02702995,103.0686163,24.95603915
2014.04,1899.011599,37.29584107,103.5007126,24.7863154
2014.05,1918.297266,37.5551546,103.9085722,24.94327411
2014.06,1972.808926,37.87374886,104.4821023,25.55800762
2014.07,1999.942856,38.26356637,105.482432,25.81754598
2014.08,1991.542352,38.70325433,106.6200878,25.61760642
2014.09,2022.205529,39.04952806,107.5003376,25.91843689
2014.1,1970.382187,39.4699576,106.5336263,25.16274828
2014.11,2090.805311,40.00805701,105.8677886,26.60681715
2014.12,2112.703908,40.56187461,105.2202178,26.79408548
2015.01,2095.734075,41.22553413,104.6637401,26.49229542
2015.02,2142.249473,41.51710069,103.1617302,26.9955137
2015.03,2127.314554,41.73852131,101.5081656,26.72860545
2015.04,2138.176239,41.97025431,99.82565108,26.79137168
2015.05,2144.67749,42.07221247,97.85030541,26.80611138
2015.06,2124.389939,42.23905989,96.04478137,26.49589529
2015.07,2119.036288,42.49594614,94.6048335,26.38113634
2015.08,2067.048608,42.81630391,93.30346821,25.69365842
2015.09,1973.388814,43.14355434,92.01116529,24.49675217
2015.1,2055.911578,43.46080303,90.65474723,25.49144105
2015.11,2117.047243,43.8511979,89.44572596,26.22585189
2015.12,2097.20895,44.30104783,88.34684648,25.96542404
2016.01,1955.651422,44.39442211,88.17046179,24.2061672
2016.02,1939.601142,44.52426281,88.06739623,24.00260678
2016.03,2050.472985,44.49900076,87.65938072,25.37229862
2016.04,2094.88696,44.48415897,87.40723415,25.92233754
2016.05,2076.403146,44.49925973,87.2158684,25.69470992
2016.06,2087.981814,44.54729927,87.09067144,25.84037293
2016.07,2156.609152,44.81018133,87.95775272,26.69400326
2016.08,2176.739074,44.95957073,88.60230597,26.94887243
2016.09,2158.255278,45.04179709,89.11334005,26.72787335
